category,sub_category,product_name,Sum of sales
Technology,Copiers,Canon imageCLASS 2200 Advanced Copier,61599.83
Office Supplies,Binders,Fellowes PB500 Electric Punch Plastic Comb Binding Machine with Manual Bind,27453.38
Technology,Machines,Cisco TelePresence System EX90 Videoconferencing Unit,22638.48
Furniture,Chairs,HON 5400 Series Task Chairs for Big and Tall,21870.57
Office Supplies,Binders,GBC DocuBind TL300 Electric Binding System,19823.48
Office Supplies,Binders,GBC Ibimaster 500 Manual ProClick Binding System,19024.5
Technology,Copiers,Hewlett Packard LaserJet 3310 Copier,18839.68
Technology,Machines,"HP Designjet T520 Inkjet Large Format Printer - 24"" Color",18374.9
Office Supplies,Binders,GBC DocuBind P400 Electric Binding System,17965.07
Office Supplies,Supplies,High Speed Automatic Electric Letter Opener,17030.31
Technology,Machines,Lexmark MX611dhe Monochrome Laser Printer,16829.9
Office Supplies,Supplies,Martin Yale Chadless Opener Electric Letter Opener,16656.21
Office Supplies,Binders,Ibico EPK-21 Electric Binding System,15875.92
Technology,Machines,"3D Systems Cube Printer, 2nd Generation, Magenta",14299.89
Technology,Phones,Samsung Galaxy Mega 6.3,13943.67
Technology,Accessories,Logitech G19 Programmable Gaming Keyboard,13756.54
Technology,Phones,Apple iPhone 5,12996.6
Furniture,Tables,Bretford Rectangular Conference Table Tops,12995.28
Furniture,Chairs,Global Troy Executive Leather Low-Back Tilter,12975.39
Furniture,Bookcases,DMI Eclipse Executive Suite Bookcases,12921.64
Technology,Copiers,Canon PC1060 Personal Laser Copier,11619.83
Furniture,Chairs,SAFCO Arco Folding Chair,11572.78
Office Supplies,Appliances,Honeywell Enviracaire Portable HEPA Air Cleaner for 17' x 22' Room,11304.44
Furniture,Bookcases,"Riverside Palais Royal Lawyers Bookcase, Royale Cherry Finish",11206.07
Technology,Accessories,Logitech P710e Mobile Speakerphone,11203.76
Technology,Machines,Cubify CubeX 3D Printer Double Head Print,11099.96
Office Supplies,Storage,Tennsco 6- and 18-Compartment Lockers,10925
Technology,Accessories,Plantronics CS510 - Over-the-Head monaural Wireless Headset System,10822.36
Furniture,Chairs,"Hon Deluxe Fabric Upholstered Stacking Chairs, Rounded Back",10637.53
Furniture,Tables,Chromcraft Bull-Nose Wood Oval Conference Tables & Bases,9917.64
Office Supplies,Storage,Tennsco Double-Tier Lockers,9630.86
Furniture,Tables,Bush Advantage Collection Racetrack Conference Table,9544.72
Technology,Machines,Bady BDG101FRU Card Printer,9279.89
Office Supplies,Storage,Tennsco Single-Tier Lockers,9158.29
Furniture,Chairs,GuestStacker Chair with Chrome Finish Legs,9070.93
Technology,Copiers,Canon Imageclass D680 Copier / Fax,8959.87
Technology,Copiers,Hewlett Packard 610 Color Digital Copier / Printer,8899.82
Technology,Phones,Wilson Electronics DB Pro Signal Booster,8878.4
Furniture,Chairs,Office Star - Professional Matrix Back Chair with 2-to-1 Synchro Tilt and Mesh Fabric Seat,8774.5
Furniture,Chairs,Global Deluxe High-Back Manager's Chair,8665.21
Furniture,Chairs,Hon 4070 Series Pagoda Armless Upholstered Stacking Chairs,8431
Furniture,Tables,Chromcraft Round Conference Tables,8209.07
Office Supplies,Storage,"Hot File 7-Pocket, Floor Stand",8138.24
Technology,Phones,Cisco Unified IP Phone 7945G VoIP phone,8111.15
Office Supplies,Binders,Fellowes PB300 Plastic Comb Binding Machine,8070.2
Technology,Machines,Cubify CubeX 3D Printer Triple Head Print,7999.98
Office Supplies,Binders,Ibico Ibimaster 300 Manual Binding System,7985.38
Furniture,Chairs,Global Commerce Series High-Back Swivel/Tilt Chairs,7979.43
Technology,Machines,Okidata MB760 Printer,7834.4
Office Supplies,Storage,Adjustable Depth Letter/Legal Cart,7730.19
Technology,Machines,Ativa V4110MDD Micro-Cut Shredder,7699.89
Technology,Phones,Mitel MiVoice 5330e IP Phone,7699.73
Furniture,Chairs,Hon 4700 Series Mobuis Mid-Back Task Chairs with Adjustable Arms,7582.38
Furniture,Bookcases,"Atlantic Metals Mobile 3-Shelf Bookcases, Custom Colors",7539.71
Office Supplies,Storage,Tennsco 16-Compartment Lockers with Coat Rack,7515.52
Technology,Phones,Samsung Galaxy Note 2,7437.88
Furniture,Tables,Hon 94000 Series Round Tables,7404.49
Technology,Accessories,Logitech diNovo Edge Keyboard,7399.7
Furniture,Tables,Bretford CR4500 Series Slim Rectangular Table,7242.78
Technology,Phones,Samsung Galaxy S III - 16GB - pebble blue (T-Mobile),7139.8
Technology,Machines,Zebra ZM400 Thermal Label Printer,6965.7
Furniture,Tables,"Bevis Oval Conference Table, Walnut",6942.07
Furniture,Chairs,Hon GuestStacker Chair,6936.11
Technology,Phones,ClearOne CHATAttach 160 - speaker phone,6935.87
Office Supplies,Appliances,Hoover Upright Vacuum With Dirt Cup,6832.91
Office Supplies,Storage,"Tennsco Snap-Together Open Shelving Units, Starter Sets and Add-On Units",6819.31
Office Supplies,Binders,GBC DocuBind 300 Electric Binding Machine,6785.14
Furniture,Tables,Bretford CR8500 Series Meeting Room Furniture,6776.57
Furniture,Chairs,Hon Every-Day Series Multi-Task Chairs,6748.48
Office Supplies,Storage,Standard Rollaway File with Lock,6594.96
Furniture,Chairs,Hon Multipurpose Stacking Arm Chairs,6584.64
Office Supplies,Storage,"Dual Level, Single-Width Filing Carts",6574.54
Furniture,Tables,Balt Solid Wood Round Tables,6518.76
Furniture,Chairs,Hon Pagoda Stacking Chairs,6483.79
Furniture,Chairs,"Global Leather and Oak Executive Chair, Black",6410.87
Technology,Copiers,Sharp AL-1530CS Digital Copier,6399.88
Technology,Phones,Polycom VVX 310 VoIP phone,6227.66
Technology,Phones,Samsung Galaxy S4,6134.7
Technology,Phones,Samsung Galaxy S4 Mini,6109.87
Furniture,Chairs,Global Comet Stacking Arm Chair,6084.14
Furniture,Chairs,Global Ergonomic Managers Chair,6008.54
Technology,Copiers,Canon PC1080F Personal Copier,5999.9
Furniture,Chairs,"Global Leather Highback Executive Chair with Pneumatic Height Adjustment, Black",5989.22
Furniture,Tables,Hon 5100 Series Wood Tables,5965.08
Office Supplies,Appliances,"Sanyo Counter Height Refrigerator with Crisper, 3.6 Cubic Foot, Stainless Steel/Black",5906.52
Furniture,Chairs,Hon 4070 Series Pagoda Round Back Stacking Chairs,5906.03
Furniture,Chairs,Global Leather Executive Chair,5861.53
Furniture,Tables,"Office Impressions End Table, 20-1/2""H x 24""W x 20""D",5801.82
Technology,Machines,Zebra GX420t Direct Thermal/Thermal Transfer Printer,5787.36
Technology,Copiers,Canon PC940 Copier,5669.88
Furniture,Tables,Bretford “Just In Time” Height-Adjustable Multi-Task Work Tables,5634.9
Technology,Accessories,Logitech Z-906 Speaker sys - home theater - 5.1-CH,5609.83
Office Supplies,Storage,Deluxe Rollaway Locking File with Drawer,5572.79
Office Supplies,Binders,Ibico Hi-Tech Manual Binding System,5535.57
Furniture,Bookcases,"Atlantic Metals Mobile 5-Shelf Bookcases, Custom Colors",5492.89
Furniture,Chairs,"Global High-Back Leather Tilter, Burgundy",5436.15
Furniture,Chairs,Hon Olson Stacker Chairs,5427.99
Technology,Phones,Wilson SignalBoost 841262 DB PRO Amplifier Kit,5327.26
Furniture,Chairs,Hon Olson Stacker Stools,5294.47
Technology,Phones,GE 30524EE4,5291.74
Furniture,Chairs,Hon 2090 “Pillow Soft” Series Mid Back Swivel/Tilt Chairs,5282.42
Furniture,Chairs,"Lifetime Advantage Folding Chairs, 4/Carton",5212.11
Technology,Machines,Swingline SM12-08 MicroCut Jam Free Shredder,5204.25
Furniture,Bookcases,"Atlantic Metals Mobile 4-Shelf Bookcases, Custom Colors",5184.1
Technology,Accessories,Razer Tiamat Over Ear 7.1 Surround Sound PC Gaming Headset,5119.74
Furniture,Tables,"Chromcraft 48"" x 96"" Racetrack Double Pedestal Table",5098.17
Office Supplies,Appliances,Hoover Shoulder Vac Commercial Portable Vacuum,5009.49
Furniture,Chairs,Safco Contoured Stacking Chairs,4982.56
Technology,Phones,Panasonic KX-TG9471B,4978.15
Furniture,Tables,Chromcraft Rectangular Conference Tables,4952.67
Technology,Phones,Apple iPhone 5S,4901.91
Furniture,Bookcases,O'Sullivan 2-Door Barrister Bookcase in Odessa Pine,4886.47
Technology,Copiers,Brother DCP1000 Digital 3 in 1 Multifunction Machine,4859.83
Office Supplies,Storage,Fellowes Staxonsteel Drawer Files,4829.25
Office Supplies,Storage,Smead Adjustable Mobile File Trolley with Lockable Top,4778.77
Furniture,Chairs,High-Back Leather Manager's Chair,4770.65
Office Supplies,Storage,SAFCO Boltless Steel Shelving,4704.71
Furniture,Chairs,Global Executive Mid-Back Manager's Chair,4626.58
Furniture,Chairs,DMI Arturo Collection Mission-style Design Wood Chair,4619.99
Technology,Phones,Polycom CX600 IP Phone VoIP phone,4619.23
Office Supplies,Storage,Letter Size Cart,4600.09
Furniture,Tables,KI Adjustable-Height Table,4552.62
Furniture,Tables,"Bevis Round Bullnose 29"" High Table Top",4544.93
Office Supplies,Storage,Fellowes Officeware Wire Shelving,4509.47
Office Supplies,Storage,"Fellowes Strictly Business Drawer File, Letter/Legal Size",4479.03
Office Supplies,Appliances,Sanyo 2.5 Cubic Foot Mid-Size Office Refrigerators,4476.96
Furniture,Tables,"Riverside Furniture Oval Coffee Table, Oval End Table, End Table with Drawer",4446.18
Technology,Phones,Nortel Meridian M3904 Professional Digital phone,4434.91
Furniture,Chairs,Global Commerce Series Low-Back Swivel/Tilt Chairs,4420.06
Technology,Copiers,Sharp 1540cs Digital Laser Copier,4399.91
Office Supplies,Storage,"Tennsco Stur-D-Stor Boltless Shelving, 5 Shelves, 24"" Deep, Sand",4384.04
Furniture,Tables,"Hon Practical Foundations 30 x 60 Training Table, Light Gray/Charcoal",4334.83
Furniture,Tables,Bevis 36 x 72 Conference Tables,4332.26
Office Supplies,Binders,GBC DocuBind TL200 Manual Binding Machine,4322.81
Furniture,Tables,"Chromcraft Bull-Nose Wood 48"" x 96"" Rectangular Conference Tables",4297.65
Technology,Machines,Cisco 9971 IP Video Phone Charcoal,4268
Technology,Phones,Motorola L703CM,4211.73
Office Supplies,Binders,GBC DocuBind 200 Manual Binding Machine,4209.81
Technology,Copiers,Hewlett Packard 310 Color Digital Copier,4199.85
Office Supplies,Storage,"SAFCO Commercial Wire Shelving, Black",4199.45
Office Supplies,Storage,Iceberg Mobile Mega Data/Printer Cart,4187.48
Furniture,Chairs,Office Star - Mid Back Dual function Ergonomic High Back Chair with 2-Way Adjustable Arms,4185.49
Office Supplies,Binders,Fellowes PB200 Plastic Comb Binding Machine,4181.76
Technology,Phones,Cisco SPA301,4180.52
Furniture,Chairs,"Global Wood Trimmed Manager's Task Chair, Khaki",4166.89
Technology,Copiers,Canon PC-428 Personal Copier,4119.8
Technology,Phones,Wireless Extenders zBoost YX545 SOHO Signal Booster,4044.39
Office Supplies,Storage,Fellowes Super Stor/Drawer Files,4006.44
Technology,Phones,Samsung Galaxy S4 Active,3999.92
Technology,Accessories,WD My Passport Ultra 2TB Portable External Hard Drive,3998.4
Technology,Machines,Canon imageCLASS MF7460 Monochrome Digital Laser Multifunction Copier,3991.98
Furniture,Chairs,Office Star - Contemporary Swivel Chair with Padded Adjustable Arms and Flex Back,3989.73
Technology,Phones,Polycom SoundStation2 EX Conference phone,3968.51
Furniture,Tables,Hon Racetrack Conference Tables,3963.91
Technology,Copiers,Canon Image Class D660 Copier,3959.93
Furniture,Chairs,"Global Airflow Leather Mesh Back Chair, Black",3955.67
Office Supplies,Storage,Fellowes High-Stak Drawer Files,3946.66
Furniture,Furnishings,Luxo Professional Fluorescent Magnifier Lamp with Clamp-Mount Base,3861.05
Office Supplies,Appliances,Honeywell Enviracaire Portable HEPA Air Cleaner for 16' x 20' Room,3855.18
Technology,Phones,Polycom SoundPoint IP 450 VoIP phone,3839.63
Technology,Phones,Google Nexus 5,3815.79
Furniture,Tables,Hon Non-Folding Utility Tables,3775.66
Technology,Accessories,Logitech VX Revolution Cordless Laser Mouse for Notebooks (Black),3743.8
Furniture,Tables,"SAFCO PlanMaster Heigh-Adjustable Drafting Table Base, 43w x 30d x 30-37h, Black",3739.12
Technology,Phones,Aastra 57i VoIP phone,3684.72
Furniture,Chairs,"Office Star - Contemporary Task Swivel chair with Loop Arms, Charcoal",3680.53
Technology,Phones,Polycom VoiceStation 500 Conference phone,3657.38
Furniture,Chairs,"Situations Contoured Folding Chairs, 4/Set",3641.26
Furniture,Bookcases,"Bush Heritage Pine Collection 5-Shelf Bookcase, Albany Pine Finish, *Special Order",3626.02
Technology,Phones,Toshiba IPT2010-SD IP Telephone,3613.74
Furniture,Tables,"Bush Cubix Conference Tables, Fully Assembled",3603.29
Technology,Phones,Pyle PMP37LED,3590.02
Furniture,Tables,Global Adaptabilities Conference Tables,3540.35
Office Supplies,Storage,"24 Capacity Maxi Data Binder Racks, Pearl",3537.24
Furniture,Chairs,Global Comet Stacking Armless Chair,3528.79
Furniture,Tables,Hon Rectangular Conference Tables,3481.52
Furniture,Tables,"Iceberg OfficeWorks 42"" Round Tables",3457.44
Furniture,Bookcases,"Global Adaptabilites Bookcase, Cherry/Storm Gray Finish",3447.84
Furniture,Bookcases,O'Sullivan Living Dimensions 5-Shelf Bookcases,3420.77
Technology,Phones,Geemarc AmpliPOWER60,3415.04
Technology,Machines,Hewlett-Packard Desktjet 6988DT Refurbished Printer,3404.5
Furniture,Tables,Bush Advantage Collection Round Conference Table,3401.6
Office Supplies,Storage,Fellowes Stor/Drawer Steel Plus Storage Drawers,3397.31
Furniture,Tables,"Chromcraft Bull-Nose Wood Round Conference Table Top, Wood Base",3354.9
Office Supplies,Labels,"Dot Matrix Printer Tape Reel Labels, White, 5000/Box",3322.87
Furniture,Bookcases,"Bush Andora Bookcase, Maple/Graphite Gray Finish",3317.72
Furniture,Furnishings,Tenex Antistatic Computer Chair Mats,3317.02
Furniture,Tables,Bevis 44 x 96 Conference Tables,3253.22
Office Supplies,Binders,Ibico EB-19 Dual Function Manual Binding System,3234.9
Office Supplies,Binders,GBC ProClick 150 Presentation Binding System,3222.99
Technology,Machines,Okidata C331dn Printer,3210.8
Office Supplies,Storage,Office Impressions Heavy Duty Welded Shelving & Multimedia Storage Drawers,3178.13
Technology,Phones,Panasonic KX T7731-B Digital phone,3168.6
Technology,Phones,Jabra SPEAK 410,3158.07
Furniture,Chairs,"Global Fabric Manager's Chair, Dark Gray",3150.58
Furniture,Tables,Hon 2111 Invitation Series Corner Table,3140.56
Office Supplies,Storage,Economy Rollaway Files,3138.8
Technology,Phones,BlackBerry Q10,3099.36
Technology,Phones,Panasonic KX-TG9541B DECT 6.0 Digital 2-Line Expandable Cordless Phone With Digital Answering System,3059.8
Office Supplies,Appliances,Hoover WindTunnel Plus Canister Vacuum,3051.3
Technology,Phones,Digium D40 VoIP phone,3044.16
Technology,Machines,Hewlett-Packard Deskjet 3050a All-in-One Color Inkjet Printer,3040
Office Supplies,Appliances,"Acco 7-Outlet Masterpiece Power Center, Wihtout Fax/Phone Line Protection",3039.5
Office Supplies,Storage,Space Solutions HD Industrial Steel Shelving.,3035.21
Office Supplies,Storage,Carina Double Wide Media Storage Towers in Natural & Black,3028.65
Office Supplies,Supplies,Compact Automatic Electric Letter Opener,2982.75
Furniture,Tables,"SAFCO PlanMaster Boards, 60w x 37-1/2d, White Melamine",2979.01
Furniture,Bookcases,O'Sullivan Living Dimensions 2-Shelf Bookcases,2970.07
Office Supplies,Appliances,Avanti 4.4 Cu. Ft. Refrigerator,2968.07
Furniture,Chairs,"Global Manager's Adjustable Task Chair, Storm",2959.21
Office Supplies,Binders,GBC DocuBind P100 Manual Binding Machine,2954.44
Furniture,Bookcases,O'Sullivan Plantations 2-Door Library in Landvery Oak,2946.36
Office Supplies,Appliances,3.6 Cubic Foot Counter Height Office Refrigerator,2946.19
Furniture,Chairs,Novimex Swivel Fabric Task Chair,2913.92
Technology,Phones,ShoreTel ShorePhone IP 230 VoIP phone,2906.62
Furniture,Bookcases,O'Sullivan Living Dimensions 3-Shelf Bookcases,2904.16
Office Supplies,Appliances,Kensington 7 Outlet MasterPiece Power Center,2883.28
Technology,Accessories,Logitech Wireless Gaming Headset G930,2879.82
Technology,Phones,Bose SoundLink Bluetooth Speaker,2865.6
Furniture,Furnishings,"Electrix Architect's Clamp-On Swing Arm Lamp, Black",2863.8
Furniture,Tables,"Lesro Round Back Collection Coffee Table, End Table",2847.79
Office Supplies,Supplies,Premier Automatic Letter Opener,2836.36
Technology,Accessories,Logitech Wireless Headset h800,2799.72
Office Supplies,Paper,Xerox 1915,2789.01
Furniture,Furnishings,Electrix Halogen Magnifier Lamp,2759.06
Technology,Accessories,Maxell iVDR EX 500GB Cartridge,2755.4
Technology,Phones,VTech DS6151,2746.57
Furniture,Bookcases,O'Sullivan 4-Shelf Bookcase in Odessa Pine,2740.2
Office Supplies,Storage,"Carina Mini System Audio Rack, Model AR050B",2730.11
Office Supplies,Appliances,"1.7 Cubic Foot Compact ""Cube"" Office Refrigerators",2706.08
Furniture,Chairs,Hon Mobius Operator's Chair,2705.78
Furniture,Furnishings,"GE 48"" Fluorescent Tube, Cool White Energy Saver, 34 Watts, 30/Box",2699.05
Furniture,Tables,"Bevis Round Conference Table Top, X-Base",2671.43
Technology,Accessories,Imation Bio 8GB USB Flash Drive Imation Corp,2659.84
Furniture,Chairs,Global Highback Leather Tilter in Burgundy,2647.82
Technology,Phones,Cisco 8x8 Inc. 6753i IP Business Phone System,2645.81
Office Supplies,Supplies,Premier Electric Letter Opener,2641.62
Technology,Phones,Vtech CS6719,2630.12
Technology,Accessories,NETGEAR AC1750 Dual Band Gigabit Smart WiFi Router,2623.84
Technology,Accessories,Razer Kraken 7.1 Surround Sound Over Ear USB Gaming Headset,2619.74
Office Supplies,Storage,Fellowes Bankers Box Staxonsteel Drawer File/Stacking System,2612.19
Technology,Phones,Motorola Droid Maxx,2609.82
Furniture,Chairs,Hon Deluxe Fabric Upholstered Stacking Chairs,2586.19
Office Supplies,Storage,"Stur-D-Stor Shelving, Vertical 5-Shelf: 72""H x 36""W x 18 1/2""D",2552.54
Furniture,Tables,Bevis Boat-Shaped Conference Table,2542.47
Technology,Machines,Fellowes Powershred HS-440 4-Sheet High Security Shredder,2541.84
Technology,Machines,Xerox WorkCentre 6505DN Laser Multifunction Printer,2519.96
Office Supplies,Storage,Safco Industrial Wire Shelving System,2511.04
Office Supplies,Paper,Easy-staple paper,2504.18
Office Supplies,Appliances,Kensington 7 Outlet MasterPiece HOMEOFFICE Power Control Center,2491.28
Office Supplies,Appliances,Kensington 4 Outlet MasterPiece Compact Power Control Center,2488.39
Furniture,Bookcases,"Rush Hierlooms Collection 1"" Thick Stackable Bookcases",2487.76
Office Supplies,Storage,Sensible Storage WireTech Storage Systems,2484.31
Technology,Phones,Wi-Ex zBoost YX540 Cellular Phone Signal Booster,2481.15
Technology,Accessories,Enermax Acrylux Wireless Keyboard,2450.16
Furniture,Chairs,"Global Value Mid-Back Manager's Chair, Gray",2442.04
Technology,Machines,Panasonic KX MB2061 Multifunction Printer,2396.4
Furniture,Chairs,Global Super Steno Chair,2389.9
Furniture,Chairs,Harbour Creations Steel Folding Chair,2389.13
Technology,Accessories,Logitech Gaming G510s - Keyboard,2362.72
Technology,Machines,"3D Systems Cube Printer, 2nd Generation, White",2339.98
Technology,Accessories,Logitech G700s Rechargeable Gaming Mouse,2339.76
Technology,Machines,StarTech.com 10/100 VDSL2 Ethernet Extender Kit,2330.65
Office Supplies,Storage,"Fellowes Mobile File Cart, Black",2300.66
Office Supplies,Storage,"Gould Plastics 18-Pocket Panel Bin, 34w x 5-1/4d x 20-1/2h",2299.74
Furniture,Tables,"Lesro Sheffield Collection Coffee Table, End Table, Center Table, Corner Table",2298.12
Furniture,Tables,Bevis Round Conference Table Top & Single Column Base,2297.54
Technology,Phones,Xiaomi Mi3,2279.96
Furniture,Furnishings,"Tenex 46"" x 60"" Computer Anti-Static Chairmat, Rectangular Shaped",2267.97
Office Supplies,Binders,GBC DocuBind P50 Personal Binding Machine,2264.89
Technology,Phones,Cisco IP Phone 7961G-GE VoIP phone,2252.44
Technology,Accessories,Plantronics S12 Corded Telephone Headset System,2242.04
Furniture,Tables,BPI Conference Tables,2241.87
Technology,Phones,Plantronics HL10 Handset Lifter,2227.01
Technology,Phones,Konftel 250 Conference phone - Charcoal black,2221.59
Office Supplies,Appliances,Avanti 1.7 Cu. Ft. Refrigerator,2221.56
Furniture,Chairs,Office Star - Ergonomic Mid Back Chair with 2-Way Adjustable Arms,2207.96
Furniture,Chairs,"Global Value Steno Chair, Gray",2204.85
Furniture,Chairs,Office Star - Mesh Screen back chair with Vinyl seat,2200.46
Furniture,Furnishings,"3M Polarizing Task Lamp with Clamp Arm, Light Gray",2191.68
Furniture,Chairs,"Global Push Button Manager's Chair, Indigo",2185.96
Technology,Phones,Jabra Supreme Plus Driver Edition Headset,2159.82
Technology,Accessories,Razer Kraken PRO Over Ear PC and Music Headset,2159.73
Technology,Accessories,Logitech G35 7.1-Channel Surround Sound Headset,2157.83
Technology,Phones,Samsung Galaxy Note 3,2155.9
Office Supplies,Paper,Xerox 1881,2155.07
Furniture,Bookcases,Sauder Inglewood Library Bookcases,2154.35
Office Supplies,Paper,"White Dual Perf Computer Printout Paper, 2700 Sheets, 1 Part, Heavyweight, 20 lbs., 14 7/8 x 11",2141.64
Furniture,Tables,KI Conference Tables,2140.9
Technology,Phones,Mitel 5320 IP Phone VoIP phone,2116.68
Technology,Accessories,Imation Bio 2GB USB Flash Drive Imation Corp,2098.88
Furniture,Tables,Laminate Occasional Tables,2096.17
Office Supplies,Binders,Avery Arch Ring Binders,2068.82
Furniture,Furnishings,"Rubbermaid ClusterMat Chairmats, Mat Size- 66"" x 60"", Lip 20"" x 11"" -90 Degree Angle",2064.22
Technology,Phones,Cisco SPA 502G IP Phone,2063.14
Furniture,Furnishings,"Tenex Chairmat w/ Average Lip, 45"" x 53""",2058.5
Technology,Phones,HTC One Mini,2041.03
Furniture,Tables,Hon 2111 Invitation Series Straight Table,2040.06
Furniture,Tables,"Bevis Traditional Conference Table Top, Plinth Base",2033.5
Furniture,Chairs,Global Enterprise Series Seating High-Back Swivel/Tilt Chairs,2032.35
Technology,Phones,Jawbone MINI JAMBOX Wireless Bluetooth Speaker,2027.31
Technology,Phones,Jawbone JAMBOX Wireless Bluetooth Speaker,2022.27
Technology,Phones,Jabra SPEAK 410 Multidevice Speakerphone,2018.7
Technology,Phones,Ooma Telo VoIP Home Phone System,2015.83
Technology,Machines,Okidata C610n Printer,2011.9
Office Supplies,Appliances,Belkin 7 Outlet SurgeMaster II,2010.86
Technology,Accessories,Logitech G602 Wireless Gaming Mouse,1999.74
Technology,Phones,Adtran 1202752G1,1990.65
Technology,Phones,"Ativa D5772 2-Line 5.8GHz Digital Expandable Corded/Cordless Phone System with Answering & Caller ID/Call Waiting, Black/Silver",1979.88
Office Supplies,Storage,Space Solutions Commercial Steel Shelving,1952.43
Furniture,Chairs,Office Star Flex Back Scooter Chair with Aluminum Finish Frame,1947.18
Office Supplies,Appliances,Harmony Air Purifier,1946.7
Technology,Phones,AT&T 1080 Corded phone,1945.26
Technology,Phones,AT&T CL83451 4-Handset Telephone,1936.3
Technology,Accessories,Imation Secure+ Hardware Encrypted USB 2.0 Flash Drive; 16GB,1926.92
Technology,Phones,Logitech Mobile Speakerphone P710e - speaker phone,1916.71
Technology,Accessories,Plantronics Audio 995 Wireless Stereo Headset,1913.13
Furniture,Bookcases,"O'Sullivan Elevations Bookcase, Cherry Finish",1912.31
Furniture,Bookcases,"Sauder Camden County Collection Libraries, Planked Cherry Finish",1909.82
Technology,Phones,Polycom SoundPoint Pro SE-225 Corded phone,1903.84
Furniture,Bookcases,Bestar Classic Bookcase,1897.81
Furniture,Chairs,Novimex Fabric Task Chair,1890.39
Technology,Accessories,NETGEAR N750 Dual Band Wi-Fi Gigabit Router,1890
Office Supplies,Paper,Multicolor Computer Printout Paper,1887.3
Technology,Phones,Nortel Networks T7316 E Nt8 B27,1876.52
Office Supplies,Storage,"Recycled Data-Pak for Archival Bound Computer Printouts, 12-1/2 x 12-1/2 x 16",1857.26
Furniture,Chairs,Office Star - Contemporary Task Swivel Chair,1842.26
Furniture,Furnishings,"Howard Miller 14-1/2"" Diameter Chrome Round Wall Clock",1834.82
Furniture,Chairs,"Padded Folding Chairs, Black, 4/Carton",1830.14
Technology,Phones,LG G3,1803.11
Technology,Accessories,Logitech Wireless Performance Mouse MX for PC and Mac,1799.82
Office Supplies,Paper,Xerox 189,1782.45
Office Supplies,Appliances,Belkin 5 Outlet SurgeMaster Power Centers,1776.05
Furniture,Chairs,Office Star Flex Back Scooter Chair with White Frame,1775.67
Furniture,Chairs,Bevis Steel Folding Chairs,1775.08
Technology,Phones,GE 2-Jack Phone Line Splitter,1771.52
Furniture,Chairs,Global Deluxe Steno Chair,1770.53
Office Supplies,Storage,Tennsco Regal Shelving Units,1764.53
Office Supplies,Appliances,Honeywell Quietcare HEPA Air Cleaner,1761.76
Furniture,Chairs,"Global Geo Office Task Chair, Gray",1757.26
Furniture,Chairs,Global Low Back Tilter Chair,1746.95
Office Supplies,Paper,Xerox 1941,1740.51
Technology,Phones,AT&T TR1909W,1738.67
Technology,Phones,Jabra BIZ 2300 Duo QD Duo Corded Headset,1727.07
Technology,Accessories,First Data FD10 PIN Pad,1722.2
Office Supplies,Storage,"Sauder Facets Collection Locker/File Cabinet, Sky Alder Finish",1706.51
Furniture,Tables,BoxOffice By Design Rectangular and Half-Moon Meeting Room Tables,1706.26
Technology,Accessories,Kensington Orbit Wireless Mobile Trackball for PC and Mac,1703.72
Office Supplies,Paper,Xerox 1945,1696.98
Technology,Accessories,Kensington Expert Mouse Optical USB Trackball for PC or Mac,1690.83
Furniture,Chairs,"Global Leather & Oak Executive Chair, Burgundy",1689.97
Furniture,Chairs,Hon Comfortask Task/Swivel Chairs,1686.9
Office Supplies,Envelopes,Staple envelope,1686.79
Furniture,Furnishings,Deflect-o DuraMat Antistatic Studded Beveled Mat for Medium Pile Carpeting,1685.44
Technology,Phones,ClearOne Communications CHAT 70 OC Speaker Phone,1685.3
Technology,Phones,Polycom CX300 Desktop Phone USB VoIP phone,1679.88
Office Supplies,Appliances,"Eureka The Boss Plus 12-Amp Hard Box Upright Vacuum, Red",1674.4
Technology,Phones,Panasonic KX TS3282W Corded phone,1665.8
Furniture,Bookcases,O'Sullivan Manor Hill 2-Door Library in Brianna Oak,1646.92
Technology,Accessories,Enermax Aurora Lite Keyboard,1641.15
Office Supplies,Storage,"Carina 42""Hx23 3/4""W Media Storage Unit",1635.79
Technology,Phones,Motorola Moto X,1631.95
Furniture,Furnishings,"Deflect-o RollaMat Studded, Beveled Mat for Medium Pile Carpeting",1623.25
Technology,Machines,Panasonic KX MC6040 Color Laser Multifunction Printer,1619.82
Technology,Accessories,Plantronics Audio 478 Stereo USB Headset,1619.68
Office Supplies,Art,"Hunt PowerHouse Electric Pencil Sharpener, Blue",1617.95
Technology,Accessories,Logitech G600 MMO Gaming Mouse,1615.8
Technology,Phones,AT&T 841000 Phone,1614.6
Furniture,Chairs,"Iceberg Nesting Folding Chair, 19w x 6d x 43h",1589.41
Technology,Phones,AT&T 1080 Phone,1589.08
Technology,Phones,Mophie Juice Pack Helium for iPhone,1583.81
Furniture,Furnishings,Deflect-o Glass Clear Studded Chair Mats,1579.37
Technology,Accessories,Microsoft Sculpt Comfort Mouse,1574.03
Office Supplies,Binders,GBC ProClick Punch Binding System,1573.91
Furniture,Bookcases,"Hon Metal Bookcases, Black",1570.08
Office Supplies,Paper,Xerox 1919,1565.81
Office Supplies,Envelopes,Cameo Buff Policy Envelopes,1555.75
Furniture,Furnishings,Luxo Adjustable Task Clamp Lamp,1545.82
Technology,Phones,Avaya 5420 Digital phone,1538.89
Office Supplies,Appliances,Eureka Sanitaire  Commercial Upright,1524.53
Furniture,Chairs,Harbour Creations 67200 Series Stacking Chairs,1501.9
Technology,Phones,LG G2,1499.97
Technology,Accessories,Microsoft Natural Keyboard Elite,1497
Technology,Accessories,Sony Micro Vault Click 16 GB USB 2.0 Flash Drive,1489.33
Furniture,Bookcases,Hon 4-Shelf Metal Bookcases,1474.31
Furniture,Bookcases,"Bush Westfield Collection Bookcases, Fully Assembled",1473.3
Office Supplies,Appliances,Kensington 7 Outlet MasterPiece Power Center with Fax/Phone Line Protection,1473.11
Furniture,Furnishings,"Tenex ""The Solids"" Textured Chair Mats",1469.16
Technology,Phones,"Plantronics CS 50-USB - headset - Convertible, Monaural",1468.68
Office Supplies,Storage,"Mini 13-1/2 Capacity Data Binder Rack, Pearl",1465.75
Technology,Phones,Nortel Meridian M5316 Digital phone,1450.12
Furniture,Chairs,"Global Leather Task Chair, Black",1448.85
Office Supplies,Storage,"SAFCO Commercial Wire Shelving, 72h",1445.26
Technology,Phones,Nokia Lumia 1020,1439.97
Furniture,Furnishings,"Howard Miller 13-3/4"" Diameter Brushed Chrome Round Wall Clock",1438.13
Furniture,Chairs,"Leather Task Chair, Black",1437.48
Furniture,Tables,"Bush Andora Conference Table, Maple/Graphite Gray Finish",1436.24
Office Supplies,Paper,Xerox 1893,1434.65
Furniture,Furnishings,Eldon Antistatic Chair Mats for Low to Medium Pile Carpets,1431.94
Furniture,Bookcases,"Sauder Facets Collection Library, Sky Alder Finish",1427.69
Furniture,Bookcases,"Bush Westfield Collection Bookcases, Medium Cherry Finish",1426.88
Office Supplies,Storage,Fellowes Bankers Box Stor/Drawer Steel Plus,1426.31
Furniture,Chairs,Global Deluxe Office Fabric Chairs,1420.5
Technology,Accessories,Logitech 910-002974 M325 Wireless Mouse for Web Scrolling,1409.52
Office Supplies,Storage,"Belkin 19"" Vented Equipment Shelf, Black",1400.26
Technology,Accessories,Logitech G500s Laser Gaming Mouse with Adjustable Weight Tuning,1399.8
Furniture,Chairs,"Global Armless Task Chair, Royal Blue",1396.44
Technology,Machines,Hewlett-Packard Deskjet 6540 Color Inkjet Printer,1396.21
Technology,Phones,Avaya IP Phone 1140E VoIP phone,1394.95
Technology,Machines,Cisco CP-7937G Unified IP Conference Station Phone,1391.4
Technology,Phones,Cisco IP Phone 7961G VoIP phone - Dark gray,1386.69
Technology,Phones,Samsung Rugby III,1385.8
Office Supplies,Appliances,"Holmes Replacement Filter for HEPA Air Cleaner, Very Large Room, HEPA Filter",1383.09
Technology,Machines,Cisco SPA525G2 5-Line IP Phone,1379.92
Furniture,Bookcases,Sauder Camden County Collection Library,1368.26
Office Supplies,Storage,Safco Industrial Wire Shelving,1363.06
Office Supplies,Envelopes,Ames Color-File Green Diamond Border X-ray Mailers,1360.48
Office Supplies,Envelopes,Airmail Envelopes,1359.67
Technology,Machines,DYMO CardScan Personal V9 Business Card Scanner,1343.91
Furniture,Chairs,Novimex Turbo Task Chair,1341.51
Technology,Phones,Apple iPhone 5C,1339.87
Technology,Phones,AT&T 17929 Lendline Telephone,1339.11
Furniture,Furnishings,Luxo Professional Combination Clamp-On Lamps,1329.9
Furniture,Furnishings,"Tenex Traditional Chairmats for Medium Pile Carpet, Standard Lip, 36"" x 48""",1322.17
Office Supplies,Paper,Xerox 1891,1320.57
Furniture,Bookcases,"Hon Metal Bookcases, Putty",1320.23
Office Supplies,Appliances,Honeywell Enviracaire Portable HEPA Air Cleaner for up to 10 x 16 Room,1320.17
Furniture,Chairs,Office Star - Ergonomically Designed Knee Chair,1311.88
Technology,Phones,Nokia Lumia 925,1310.3
Technology,Accessories,Logitech Wireless Marathon Mouse M705,1309.73
Furniture,Furnishings,Eldon Cleatmat Plus Chair Mats for High Pile Carpets,1304.13
Furniture,Tables,"Hon 30"" x 60"" Table with Locking Drawer",1296.03
Office Supplies,Binders,GBC Recycled Regency Composition Covers,1291.25
Office Supplies,Storage,Fellowes Recycled Storage Drawers,1287.95
Technology,Machines,Star Micronics TSP800 TSP847IIU Receipt Printer,1286.85
Technology,Phones,Panasonic KX TS208W Corded phone,1283.54
Office Supplies,Storage,Tennsco Industrial Shelving,1281.45
Office Supplies,Paper,White Computer Printout Paper by Universal,1279.08
Furniture,Furnishings,Luxo Professional Magnifying Clamp-On Fluorescent Lamps,1268.92
Furniture,Chairs,"Hon Deluxe Fabric Upholstered Stacking Chairs, Squared Back",1268.69
Office Supplies,Envelopes,Tyvek Side-Opening Peel & Seel Expanding Envelopes,1266.72
Furniture,Furnishings,"Tenex Contemporary Contur Chairmats for Low and Medium Pile Carpet, Computer, 39"" x 49""",1264.58
Furniture,Bookcases,Bush Somerset Collection Bookcase,1263.96
Technology,Phones,Panasonic KX T7736-B Digital phone,1259.58
Technology,Accessories,Logitech G430 Surround Sound Gaming Headset with Dolby 7.1 Technology,1247.84
Office Supplies,Appliances,Tripp Lite Isotel 6 Outlet Surge Protector with Fax/Modem Protection,1243.78
Furniture,Chairs,Hon Valutask Swivel Chairs,1242.06
Office Supplies,Storage,"SAFCO Mobile Desk Side File, Wire Frame",1240.04
Office Supplies,Labels,"Avery 4027 File Folder Labels for Dot Matrix Printers, 5000 Labels per Box, White",1233.41
Technology,Accessories,Maxell 4.7GB DVD-R,1231.69
Furniture,Tables,Hon 4060 Series Tables,1231.56
Technology,Phones,Blue Parrot B250XT Professional Grade Wireless Bluetooth Headset with,1229.83
Technology,Accessories,Case Logic 2.4GHz Wireless Keyboard,1229.76
Office Supplies,Paper,Xerox 1917,1222.75
Technology,Phones,Plantronics Voyager Pro HD - Bluetooth Headset,1221.82
Office Supplies,Binders,Satellite Sectional Post Binders,1219.83
Office Supplies,Binders,"Wilson Jones Ledger-Size, Piano-Hinge Binder, 2"", Blue",1217.1
Technology,Machines,Epson TM-T88V Direct Thermal Printer - Monochrome - Desktop,1212.71
Office Supplies,Appliances,APC 7 Outlet Network SurgeArrest Surge Protector,1207.19
Furniture,Furnishings,Eldon ClusterMat Chair Mat with Cordless Antistatic Protection,1200.93
Office Supplies,Storage,"Trav-L-File Heavy-Duty Shuttle II, Black",1193.81
Office Supplies,Storage,Fellowes Bankers Box Recycled Super Stor/Drawer,1187.56
Furniture,Furnishings,"Howard Miller 11-1/2"" Diameter Ridgewood Wall Clock",1184.23
Technology,Accessories,SanDisk Cruzer 64 GB USB Flash Drive,1184.03
Office Supplies,Binders,GBC Therma-A-Bind 250T Electric Binding System,1180.7
Office Supplies,Art,Boston Heavy-Duty Trimline Electric Pencil Sharpeners,1166.44
Technology,Phones,GE 30522EE2,1159.9
Technology,Accessories,Logitech K350 2.4Ghz Wireless Keyboard,1154.67
Technology,Phones,LG Exalt,1154.32
Technology,Accessories,Logitech Illuminated - Keyboard,1139.81
Technology,Phones,Panasonic KX-TG6844B Expandable Digital Cordless Telephone,1135.02
Office Supplies,Storage,"File Shuttle II and Handi-File, Black",1125.14
Technology,Phones,HTC One,1119.9
Technology,Phones,ClearSounds CSC500 Amplified Spirit Phone Corded phone,1119.83
Furniture,Bookcases,O'Sullivan 3-Shelf Heavy-Duty Bookcases,1119.2
Furniture,Furnishings,"Howard Miller 13"" Diameter Goldtone Round Wall Clock",1117.43
Office Supplies,Storage,Advantus Rolling Drawer Organizers,1115.92
Furniture,Furnishings,"Deflect-o EconoMat Studded, No Bevel Mat for Low Pile Carpeting",1115.63
Furniture,Furnishings,Dana Halogen Swing-Arm Architect Lamp,1114.39
Office Supplies,Art,"Hunt BOSTON Model 1606 High-Volume Electric Pencil Sharpener, Beige",1113.02
Technology,Phones,netTALK DUO VoIP Telephone Service,1112.79
Technology,Accessories,Hypercom P1300 Pinpad,1108.8
Office Supplies,Paper,Xerox 1988,1102.89
Office Supplies,Binders,Ibico Plastic Spiral Binding Combs,1100.48
Office Supplies,Binders,Ibico Laser Imprintable Binding System Covers,1100.4
Office Supplies,Paper,Xerox 1906,1098.64
Office Supplies,Paper,"Eaton Premium Continuous-Feed Paper, 25% Cotton, Letter Size, White, 1000 Shts/Box",1098.51
Office Supplies,Paper,Xerox 1934,1097.21
Office Supplies,Binders,Catalog Binders with Expanding Posts,1089.93
Furniture,Tables,"Barricks 18"" x 48"" Non-Folding Utility Table with Bottom Storage Shelf",1088.64
Furniture,Chairs,Global Deluxe High-Back Office Chair in Storm,1087.92
Technology,Accessories,Maxell LTO Ultrium - 800 GB,1086.01
Technology,Phones,RCA Visys Integrated PBX 8-Line Router,1085.24
Office Supplies,Binders,GBC Prestige Therm-A-Bind Covers,1073.91
Office Supplies,Appliances,Belkin 8 Outlet Surge Protector,1073.67
Office Supplies,Storage,Carina Media Storage Towers in Natural & Black,1073.25
Office Supplies,Art,Boston 1645 Deluxe Heavier-Duty Electric Pencil Sharpener,1073.12
Office Supplies,Storage,Recycled Steel Personal File for Standard File Folders,1072.63
Furniture,Bookcases,O'Sullivan Cherrywood Estates Traditional Barrister Bookcase,1072.34
Technology,Phones,AT&T 1070 Corded Phone,1070.3
Furniture,Bookcases,"Sauder Camden County Barrister Bookcase, Planked Cherry Finish",1064.62
Office Supplies,Storage,Recycled Steel Personal File for Hanging File Folders,1053.03
Office Supplies,Storage,"Advantus 10-Drawer Portable Organizer, Chrome Metal Frame, Smoke Drawers",1051.78
Furniture,Furnishings,"Howard Miller 13"" Diameter Pewter Finish Round Wall Clock",1047.73
Office Supplies,Appliances,"Eureka The Boss Lite 10-Amp Upright Vacuum, Blue",1042.08
Technology,Phones,OtterBox Commuter Series Case - iPhone 5 & 5s,1041.82
Office Supplies,Binders,GBC Twin Loop Wire Binding Elements,1041.67
Furniture,Tables,Balt Split Level Computer Training Table,1040.63
Technology,Accessories,Logitech G13 Programmable Gameboard with LCD Display,1039.87
Technology,Machines,Star Micronics TSP100 TSP143LAN Receipt Printer,1035.8
Technology,Machines,Okidata B400 Printer,1029.6
Office Supplies,Appliances,Hoover Commercial Lightweight Upright Vacuum with E-Z Empty Dirt Cup,1023.35
Office Supplies,Paper,"Snap-A-Way Black Print Carbonless Ruled Speed Letter, Triplicate",1016.79
Furniture,Bookcases,"Sauder Forest Hills Library with Doors, Woodland Oak Finish",1014.18
Technology,Machines,"Canon Color ImageCLASS MF8580Cdw Wireless Laser All-In-One Printer, Copier, Scanner",1007.98
Technology,Accessories,WD My Passport Ultra 1TB Portable External Hard Drive,1007.4
Furniture,Tables,Bevis Rectangular Conference Tables,1007.26
Office Supplies,Paper,Xerox 1916,1004.64
Furniture,Furnishings,"Eldon ""L"" Workstation Diamond Chairmat",1002.93
Furniture,Furnishings,Tenex B1-RE Series Chair Mats for Low Pile Carpets,1002.36
Technology,Phones,Nortel Business Series Terminal T7208 Digital phone,1000.73
Office Supplies,Storage,Home/Office Personal File Carts,980.23
Office Supplies,Paper,Xerox 1909,970.78
Furniture,Chairs,Global Italian Leather Office Chair,969.25
Furniture,Chairs,Hon Every-Day Chair Series Swivel Task Chairs,967.85
Office Supplies,Paper,Xerox 1885,960.8
Office Supplies,Paper,Xerox 1914,956.3
Office Supplies,Storage,"Gould Plastics 9-Pocket Panel Bin, 18-3/8w x 5-1/4d x 20-1/2h, Black",953.81
Office Supplies,Appliances,Belkin Premiere Surge Master II 8-outlet surge protector,952.16
Furniture,Furnishings,"Howard Miller 13-1/2"" Diameter Rosebrook Wall Clock",949.02
Office Supplies,Appliances,Eureka The Boss Cordless Rechargeable Stick Vac,948.23
Office Supplies,Envelopes,"Tyvek Interoffice Envelopes, 9 1/2"" x 12 1/2"", 100/Box",939.09
Office Supplies,Appliances,Tripp Lite TLP810NET Broadband Surge for Modem/Fax,937.85
Office Supplies,Storage,Steel Personal Filing/Posting Tote,937.46
Furniture,Bookcases,"Sauder Mission Library with Doors, Fruitwood Finish",935.2
Office Supplies,Appliances,"Fellowes Premier Superior Surge Suppressor, 10-Outlet, With Phone and Remote",929.48
Technology,Accessories,SanDisk Ultra 64 GB MicroSDHC Class 10 Memory Card,927.78
Furniture,Chairs,Novimex High-Tech Fabric Mesh Task Chair,922.74
Furniture,Tables,Riverside Furniture Stanwyck Manor Table Series,917.92
Technology,Machines,Ativa MDM8000 8-Sheet Micro-Cut Shredder,917.9
Technology,Phones,Cisco SPA508G,910.66
Technology,Phones,Plantronics Cordless Phone Headset with In-line Volume - M214C,908.7
Technology,Phones,LG Electronics Tone+ HBS-730 Bluetooth Headset,904.55
Furniture,Chairs,"Global Stack Chair without Arms, Black",901.51
Office Supplies,Binders,Vinyl Sectional Post Binders,901.03
Technology,Accessories,Sony 64GB Class 10 Micro SDHC R40 Memory Card,899.75
Office Supplies,Storage,Eldon Portable Mobile Manager,899.31
Technology,Accessories,Imation Secure Drive + Hardware Encrypted USB flash drive - 16 GB,888.97
Technology,Accessories,SanDisk Ultra 32 GB MicroSDHC Class 10 Memory Card,884
Technology,Phones,Cisco Small Business SPA 502G VoIP phone,882.1
Furniture,Chairs,"Safco Chair Connectors, 6/Carton",881.19
Office Supplies,Paper,Xerox 1883,881.1
Office Supplies,Paper,Xerox 1960,879.83
Office Supplies,Art,"Boston School Pro Electric Pencil Sharpener, 1670",873.64
Office Supplies,Storage,"Eldon Base for stackable storage shelf, platinum",872.26
Office Supplies,Appliances,Fellowes Superior 10 Outlet Split Surge Protector,867.76
Furniture,Furnishings,Executive Impressions Supervisor Wall Clock,867.26
Office Supplies,Paper,Xerox 1913,865.49
Office Supplies,Storage,Fellowes Bases and Tops For Staxonsteel/High-Stak Systems,858.88
Furniture,Bookcases,"Safco Value Mate Series Steel Bookcases, Baked Enamel Finish on Steel, Gray",858.86
Office Supplies,Paper,Green Bar Computer Printout Paper,857.38
Furniture,Bookcases,"Hon Metal Bookcases, Gray",851.76
Office Supplies,Storage,"Belkin 19"" Center-Weighted Shelf, Gray",849.31
Technology,Phones,Panasonic Kx-TS550,846.22
Technology,Phones,Plantronics 81402,844.67
Office Supplies,Binders,GBC VeloBinder Manual Binding System,842.16
Furniture,Furnishings,DAX Wood Document Frame,839.66
Office Supplies,Binders,"Wilson Jones Elliptical Ring 3 1/2"" Capacity Binders, 800 sheets",834.6
Technology,Phones,Motorola HK250 Universal Bluetooth Headset,832.24
Furniture,Tables,Balt Solid Wood Rectangular Table,828.1
Office Supplies,Storage,Safco Industrial Shelving,827.12
Furniture,Bookcases,"Bush Birmingham Collection Bookcase, Dark Cherry",825.17
Office Supplies,Appliances,Tripp Lite Isotel 8 Ultra 8 Outlet Metal Surge,823.25
Furniture,Furnishings,"Advantus Employee of the Month Certificate Frame, 11 x 13-1/2",822.74
Furniture,Chairs,Global Chrome Stack Chair,815.86
Office Supplies,Appliances,Kensington 6 Outlet MasterPiece HOMEOFFICE Power Control Center,812.16
Technology,Phones,Grandstream GXP1160 VoIP phone,803.69
Furniture,Chairs,"Global Stack Chair with Arms, Black",803.47
Furniture,Bookcases,"Safco Value Mate Steel Bookcase, Baked Enamel Finish on Steel, Black",802.07
Technology,Accessories,Logitech MX Performance Wireless Mouse,789.82
Furniture,Furnishings,Howard Miller 12-3/4 Diameter Accuwave DS  Wall Clock,786.9
Office Supplies,Envelopes,"Blue String-Tie & Button Interoffice Envelopes, 10 x 13",783.61
Office Supplies,Binders,GBC Premium Transparent Covers with Diagonal Lined Pattern,780.45
Technology,Phones,JBL Micro Wireless Portable Bluetooth Speaker,779.87
Technology,Accessories,Logitech Desktop MK120 Mouse and keyboard Combo,778.74
Furniture,Furnishings,Eldon Radial Chair Mat for Low to Medium Pile Carpets,775.61
Technology,Accessories,Logitech Trackman Marble Mouse,773.74
Office Supplies,Appliances,Belkin F9G930V10-GRY 9 Outlet Surge,770.11
Furniture,Chairs,"Global Deluxe Stacking Chair, Gray",764.69
Furniture,Furnishings,"Tenex Carpeted, Granite-Look or Clear Contemporary Contour Shape Chair Mats",763.67
Technology,Accessories,Logitech G105 Gaming Keyboard,759.94
Office Supplies,Appliances,Fellowes 8 Outlet Superior Workstation Surge Protector,759.12
Office Supplies,Paper,Xerox 1951,755.91
Office Supplies,Fasteners,Staples,755.47
Furniture,Bookcases,Sauder Barrister Bookcases,754.73
Office Supplies,Binders,Premium Transparent Presentation Covers by GBC,753.19
Technology,Phones,Clarity 53712,752.28
Furniture,Bookcases,Bush Mission Pointe Library,748.86
Technology,Phones,Innergie mMini Combo Duo USB Travel Charging Kit,746.83
Technology,Phones,Plantronics Encore H101 Dual Earpieces Headset,746.17
Office Supplies,Paper,Xerox 1943,743.43
Technology,Phones,"Logitech B530 USB Headset - headset - Full size, Binaural",739.81
Office Supplies,Appliances,Belkin 8 Outlet SurgeMaster II Gold Surge Protector,737.75
Furniture,Bookcases,"Bush Cubix Collection Bookcases, Fully Assembled",729.23
Technology,Phones,RCA ViSYS 25825 Wireless digital phone,727.95
Furniture,Bookcases,O'Sullivan 2-Shelf Heavy-Duty Bookcases,723.85
Technology,Machines,Lexmark MarkNet N8150 Wireless Print Server,723.51
Office Supplies,Paper,Xerox 1964,721.74
Technology,Accessories,Memorex Mini Travel Drive 16 GB USB 2.0 Flash Drive,718.65
Technology,Phones,Avaya 4621SW VoIP phone,709.92
Office Supplies,Storage,Eldon Mobile Mega Data Cart  Mega Stackable  Add-On Trays,709.5
Technology,Accessories,WD My Passport Ultra 500GB Portable External Hard Drive,708
Furniture,Chairs,SAFCO Folding Chair Trolley,705.32
Office Supplies,Art,Panasonic KP-380BK Classic Electric Pencil Sharpener,705.2
Office Supplies,Binders,Lock-Up Easel 'Spel-Binder',704.69
Technology,Machines,Zebra GK420t Direct Thermal/Thermal Transfer Printer,703.71
Furniture,Furnishings,"Deflect-o EconoMat Nonstudded, No Bevel Mat",702.44
Technology,Phones,iHome FM Clock Radio with Lightning Dock,699.9
Office Supplies,Binders,"Premium Transparent Presentation Covers, No Pattern/Clear, 8 1/2"" x 11""",698.04
Furniture,Chairs,"Office Star - Contemporary Task Swivel chair with 2-way adjustable arms, Plum",694.2
Office Supplies,Appliances,Euro-Pro Shark Turbo Vacuum,693.95
Technology,Phones,OtterBox Defender Series Case - Samsung Galaxy S4,689.78
Technology,Phones,Samsung Convoy 3,688.14
Office Supplies,Paper,Xerox 191,687.31
Furniture,Chairs,"Metal Folding Chairs, Beige, 4/Carton",685.59
Office Supplies,Paper,Tops White Computer Printout Paper,684.74
Office Supplies,Storage,Safco Steel Mobile File Cart,683.55
Furniture,Furnishings,"Howard Miller 11-1/2"" Diameter Brentwood Wall Clock",681.45
Furniture,Furnishings,Flat Face Poster Frame,678.25
Office Supplies,Appliances,Holmes Harmony HEPA Air Purifier for 17 x 20 Room,675.12
Furniture,Furnishings,"Deflect-o DuraMat Lighweight, Studded, Beveled Mat for Low Pile Carpeting",673.87
Office Supplies,Art,Hunt Boston Vacuum Mount KS Pencil Sharpener,671.8
Office Supplies,Binders,Tuf-Vin Binders,669.5
Office Supplies,Binders,Binding Machine Supplies,667.99
Office Supplies,Appliances,Fellowes 8 Outlet Superior Workstation Surge Protector w/o Phone/Fax/Modem Protection,665.68
Office Supplies,Appliances,Fellowes Command Center 5-outlet power strip,664.83
Office Supplies,Binders,"GBC Velobind Prepunched Cover Sets, Regency Series",661.94
Office Supplies,Binders,Surelock Post Binders,653.99
Furniture,Tables,Hon 61000 Series Interactive Training Tables,653.12
Office Supplies,Storage,Acco Perma 3000 Stacking Storage Drawers,652.62
Office Supplies,Paper,Xerox 1886,651.44
Furniture,Bookcases,"Bush Westfield Collection Bookcases, Dark Cherry Finish",649.38
Office Supplies,Appliances,Belkin 8 Outlet SurgeMaster II Gold Surge Protector with Phone Protection,647.84
Office Supplies,Labels,Avery 485,639.03
Furniture,Tables,Safco Drafting Table,638.82
Furniture,Furnishings,"Computer Room Manger, 14""",636.61
Office Supplies,Envelopes,"Strathmore #10 Envelopes, Ultimate White",632.52
Technology,Accessories,"TRENDnet 56K USB 2.0 Phone, Internet and Fax Modem",626.53
Technology,Phones,Avaya 5410 Digital phone,625.5
Office Supplies,Paper,Xerox 1880,623.74
Technology,Accessories,Maxell 4.7GB DVD-RW 3/Pack,619.42
Office Supplies,Art,"BOSTON Ranger #55 Pencil Sharpener, Black",618.56
Technology,Phones,Plantronics MX500i Earset,618.48
Office Supplies,Paper,Xerox 1882,615.78
Office Supplies,Paper,Xerox 1940,615.55
Office Supplies,Storage,Eldon ProFile File 'N Store Portable File Tub Letter/Legal Size Black,614.05
Office Supplies,Storage,"Companion Letter/Legal File, Black",611.72
Office Supplies,Binders,"Performers Binder/Pad Holder, Black",611.05
Office Supplies,Envelopes,"Tyvek  Top-Opening Peel & Seel  Envelopes, Gray",610.98
Technology,Phones,Motorola L804,607.06
Technology,Phones,Xblue XB-1670-86 X16 Small Office Telephone - Titanium,604.75
Office Supplies,Paper,Xerox 1911,603.54
Furniture,Chairs,Office Star - Task Chair with Contemporary Loop Arms,600.46
Technology,Machines,Lexmark 20R1285 X6650 Wireless All-in-One Printer,600
Technology,Phones,Anker Astro 15000mAh USB Portable Charger,599.88
Office Supplies,Storage,"Contico 72""H Heavy-Duty Storage System",598.31
Technology,Machines,Hewlett-Packard Deskjet 5550 Printer,597.13
Office Supplies,Paper,Xerox 1942,597.06
Technology,Phones,Grandstream GXP2100 Mainstream Business Phone,596.62
Office Supplies,Paper,"Xerox Color Copier Paper, 11"" x 17"", Ream",593.84
Technology,Accessories,Microsoft Wireless Mobile Mouse 4000,591.85
Technology,Phones,Panasonic KX TS3282B Corded phone,590.34
Office Supplies,Paper,Xerox 1910,586.09
Office Supplies,Binders,Wilson Jones Century Plastic Molded Ring Binders,583.64
Technology,Accessories,Sony Micro Vault Click 8 GB USB 2.0 Flash Drive,582.68
Office Supplies,Storage,Fellowes Econo/Stor Drawers,581.58
Furniture,Furnishings,"Dana Fluorescent Magnifying Lamp, White, 36""",581.17
Technology,Machines,Canon PC170 Desktop Personal Copier,575.82
Office Supplies,Paper,Xerox 1991,575.57
Furniture,Furnishings,"Howard Miller 16"" Diameter Gallery Wall Clock",575.46
Office Supplies,Labels,Avery 477,573.96
Office Supplies,Art,Panasonic KP-150 Electric Pencil Sharpener,573.65
Office Supplies,Paper,Xerox 1944,573.65
Technology,Phones,PureGear Roll-On Screen Protector,571.71
Technology,Accessories,First Data TMFD35 PIN Pad,571.2
Office Supplies,Envelopes,"Tyvek  Top-Opening Peel & Seel Envelopes, Plain White",570.77
Office Supplies,Binders,"Green Canvas Binder for 8-1/2"" x 14"" Sheets",569.24
Office Supplies,Art,Sanford 52201 APSCO Electric Pencil Sharpener,565.39
Technology,Accessories,Belkin F8E887 USB Wired Ergonomic Keyboard,563.81
Furniture,Furnishings,Eldon Advantage Chair Mats for Low to Medium Pile Carpets,563.03
Office Supplies,Appliances,Belkin F9M820V08 8 Outlet Surge,558.74
Technology,Accessories,Microsoft Natural Ergonomic Keyboard 4000,557.81
Technology,Accessories,Memorex Micro Travel Drive 16 GB,556.45
Office Supplies,Binders,Wilson Jones Heavy-Duty Casebound Ring Binders with Metal Hinges,554.24
Office Supplies,Envelopes,Jet-Pak Recycled Peel 'N' Seal Padded Mailers,552.7
Technology,Accessories,Logitech Wireless Anywhere Mouse MX for PC and Mac,551.9
Furniture,Furnishings,12-1/2 Diameter Round Wall Clock,551.46
Technology,Accessories,Kensington SlimBlade Notebook Wireless Mouse with Nano Receiver,549.88
Office Supplies,Appliances,"Conquest 14 Commercial Heavy-Duty Upright Vacuum, Collection System, Accessory Kit",546.82
Furniture,Furnishings,"Eldon Delta Triangular Chair Mat, 52"" x 58"", Clear",546.19
Technology,Phones,Panasonic Business Telephones KX-T7736,546.06
Office Supplies,Binders,"Avery Trapezoid Ring Binder, 3"" Capacity, Black, 1040 sheets",545.03
Technology,Accessories,Memorex Mini Travel Drive 64 GB USB 2.0 Flash Drive,543.6
Office Supplies,Paper,Xerox 1884,543.46
Technology,Phones,I Need's 3d Hello Kitty Hybrid Silicone Case Cover for HTC One X 4g with 3d Hello Kitty Stylus Pen Green/pink,542.99
Furniture,Bookcases,O'Sullivan 5-Shelf Heavy-Duty Bookcases,540.8
Office Supplies,Paper,Xerox 1935,538.15
Technology,Accessories,Memorex Froggy Flash Drive 8 GB,536.05
Furniture,Furnishings,Tensor Computer Mounted Lamp,536.04
Office Supplies,Art,Boston KS Multi-Size Manual Pencil Sharpener,533.36
Office Supplies,Binders,Wilson Jones Legal Size Ring Binders,532.16
Furniture,Furnishings,Howard Miller Distant Time Traveler Alarm Clock,531.95
Office Supplies,Art,Newell 334,531.71
Office Supplies,Appliances,Staple holder,528.78
Office Supplies,Paper,Southworth 25% Cotton Premium Laser Paper and Envelopes,527.47
Office Supplies,Binders,"Premier Elliptical Ring Binder, Black",526.61
Office Supplies,Art,"Boston Electric Pencil Sharpener, Model 1818, Charcoal Black",523.59
Office Supplies,Storage,Space Solutions Industrial Galvanized Steel Shelving.,520.08
Furniture,Tables,Bevis Round Conference Room Tables and Bases,519.94
Office Supplies,Storage,Rogers Profile Extra Capacity Storage Tub,518.94
Office Supplies,Storage,"Decoflex Hanging Personal Folder File, Blue",518.11
Office Supplies,Labels,Alphabetical Labels for Top Tab Filing,518
Office Supplies,Storage,"Tenex Personal Project File with Scoop Front Design, Black",517.63
Office Supplies,Paper,Xerox 1889,516.62
Technology,Phones,Cisco SPA112 2 Port Phone Adapter,516.53
Office Supplies,Appliances,Belkin F9H710-06 7 Outlet SurgeMaster Surge Protector,516.22
Technology,Phones,Nokia Lumia 521 (T-Mobile),515.83
Office Supplies,Appliances,Bionaire Personal Warm Mist Humidifier/Vaporizer,515.79
Furniture,Furnishings,"C-Line Cubicle Keepers Polyproplyene Holder w/Velcro Back, 8-1/2x11, 25/Bx",514.56
Furniture,Furnishings,DAX Natural Wood-Tone Poster Frame,513.72
Office Supplies,Paper,Xerox 1887,512.2
Office Supplies,Art,Newell 319,511.87
Furniture,Furnishings,"DataProducts Ampli Magnifier Task Lamp, Black,",508.73
Technology,Machines,Socket Bluetooth Cordless Hand Scanner (CHS),506.28
Office Supplies,Binders,Deluxe Heavy-Duty Vinyl Round Ring Binder,504.25
Technology,Accessories,Logitech Media Keyboard K200,503.86
Technology,Accessories,"Maxell 74 Minute CD-R Spindle, 50/Pack",503.28
Office Supplies,Paper,Xerox 197,501.88
Office Supplies,Paper,"Adams Phone Message Book, Professional, 400 Message Capacity, 5 3/6” x 11”",501.39
Furniture,Furnishings,"Howard Miller 11-1/2"" Diameter Grantwood Wall Clock",500.31
Technology,Accessories,Anker Ultra-Slim Mini Bluetooth 3.0 Wireless Keyboard,499.75
Office Supplies,Paper,Xerox 1937,499.61
Technology,Phones,Jensen SMPS-640 - speaker phone,496.58
Office Supplies,Art,"BOSTON Model 1800 Electric Pencil Sharpeners, Putty/Woodgrain",496.24
Office Supplies,Binders,GBC VeloBinder Electric Binding Machine,496.02
Technology,Phones,GE DSL Phone Line Filter,495.88
Technology,Accessories,Belkin QODE FastFit Bluetooth Keyboard,495.6
Technology,Accessories,Anker Ultrathin Bluetooth Wireless Keyboard Aluminum Cover with Stand,491.84
Technology,Phones,Samsung HM1900 Bluetooth Headset,491.68
Office Supplies,Paper,Xerox 1925,489.48
Furniture,Bookcases,Rush Hierlooms Collection Rich Wood Bookcases,489.38
Office Supplies,Envelopes,"#10 White Business Envelopes,4 1/8 x 9 1/2",488.91
Technology,Phones,Clearsounds A400,488.33
Furniture,Furnishings,24-Hour Round Wall Clock,487.51
Office Supplies,Binders,GBC Recycled VeloBinder Covers,487.34
Office Supplies,Storage,Safco Commercial Shelving,483.71
Office Supplies,Storage,"Sortfiler Multipurpose Personal File Organizer, Black",483.42
Technology,Phones,AT&T CL82213,481.23
Office Supplies,Storage,Fellowes Neat Ideas Storage Cubes,480.7
Technology,Machines,NeatDesk Desktop Scanner & Digital Filing System,479.99
Technology,Accessories,Cherry 142-key Programmable Keyboard,479.72
Furniture,Furnishings,"Howard Miller 12"" Round Wall Clock",479.34
Office Supplies,Art,Staples in misc. colors,478.82
Technology,Accessories,Kingston Digital DataTraveler 16GB USB 2.0,477.93
Technology,Phones,"iKross Bluetooth Portable Keyboard + Cell Phone Stand Holder + Brush for Apple iPhone 5S 5C 5, 4S 4",477.66
Office Supplies,Storage,Fellowes Super Stor/Drawer,477.3
Office Supplies,Art,Newell 345,476.17
Technology,Phones,AT&T SB67148 SynJ,475.12
Technology,Accessories,Enermax Briskie RF Wireless Keyboard and Mouse Combo,469.4
Furniture,Furnishings,"Tenex V2T-RE Standard Weight Series Chair Mat, 45"" x 53"", Lip 25"" x 12""",468.47
Technology,Phones,Dexim XPower Skin Super-Thin Power Case for iPhone 5 - Black,467.92
Furniture,Furnishings,Tenex Chairmats For Use with Hard Floors,467.71
Technology,Accessories,Imation 32GB Pocket Pro USB 3.0 Flash Drive - 32 GB - Black - 1 P ...,467.22
Technology,Phones,Jackery Bar Premium Fast-charging Portable Charger,467.22
Furniture,Furnishings,"Seth Thomas 14"" Day/Date Wall Clock",467.07
Office Supplies,Binders,GBC Recycled Grain Textured Covers,466.3
Office Supplies,Binders,GBC Standard Therm-A-Bind Covers,466.01
Technology,Machines,Ricoh - Ink Collector Unit for GX3000 Series Printers,465.65
Office Supplies,Appliances,Belkin F5C206VTEL 6 Outlet Surge,464.2
Furniture,Furnishings,Electrix Fluorescent Magnifier Lamps & Weighted Base,463.8
Office Supplies,Storage,"Fellowes Personal Hanging Folder Files, Navy",462.33
Technology,Accessories,V7 USB Numeric Keypad,461.87
Office Supplies,Art,Newell 34,460.28
Office Supplies,Storage,"Personal Filing Tote with Lid, Black/Gray",459.09
Office Supplies,Supplies,"Acme Hot Forged Carbon Steel Scissors with Nickel-Plated Handles, 3 7/8"" Cut, 8""L",458.7
Office Supplies,Paper,"IBM Multi-Purpose Copy Paper, 8 1/2 x 11"", Case",458.5
Office Supplies,Storage,Acco Perma 4000 Stacking Storage Drawers,457.97
Furniture,Furnishings,DAX Black Cherry Wood-Tone Poster Frame,455.44
Furniture,Furnishings,9-3/4 Diameter Round Wall Clock,455.07
Technology,Phones,Panasonic KX - TS880B Telephone,453.42
Office Supplies,Appliances,"Acco Smartsocket Table Surge Protector, 6 Color-Coded Adapter Outlets",452.97
Office Supplies,Binders,Poly Designer Cover & Back,451.97
Technology,Machines,"HP Officejet Pro 8600 e-All-In-One Printer, Copier, Scanner, Fax",449.97
Office Supplies,Storage,Mobile Personal File Cube,449.66
Office Supplies,Appliances,Acco Smartsocket Color-Coded Six-Outlet AC Adapter Model Surge Protectors,448.91
Office Supplies,Supplies,"Acme 10"" Easy Grip Assistive Scissors",448.77
Technology,Machines,Hewlett-Packard Deskjet D4360 Printer,447.97
Office Supplies,Art,Boston 16801 Nautilus Battery Pencil Sharpener,444.61
Office Supplies,Storage,Rogers Deluxe File Chest,444
Office Supplies,Paper,Xerox 194,443.84
Technology,Accessories,Imation Clip USB flash drive - 8 GB,443.68
Technology,Phones,invisibleSHIELD by ZAGG Smudge-Free Screen Protector,442.56
Furniture,Furnishings,"Seth Thomas 16"" Steel Case Clock",441.73
Technology,Accessories,Micro Innovations USB RF Wireless Keyboard with Mouse,440
Furniture,Furnishings,"Deflect-o SuperTray Unbreakable Stackable Tray, Letter, Black",437.7
Office Supplies,Art,Prismacolor Color Pencil Set,436.47
Office Supplies,Appliances,Fellowes Basic Home/Office Series Surge Protectors,436.13
Furniture,Furnishings,"Floodlight Indoor Halogen Bulbs, 1 Bulb per Pack, 60 Watts",434.56
Office Supplies,Binders,"GBC Prepunched Paper, 19-Hole, for Binding Systems, 24-lb",433.79
Office Supplies,Appliances,Acco 6 Outlet Guardian Premium Surge Suppressor,432.43
Office Supplies,Art,"Dixon Ticonderoga Core-Lock Colored Pencils, 48-Color Set",431.29
Office Supplies,Storage,Advantus Rolling Storage Box,428.75
Technology,Phones,Cisco SPA525G2 IP Phone - Wireless,426.93
Furniture,Furnishings,"Eldon Image Series Desk Accessories, Burgundy",426.56
Furniture,Bookcases,O'Sullivan Cherrywood Estates Traditional Bookcase,424.9
Office Supplies,Paper,14-7/8 x 11 Blue Bar Computer Printout Paper,422.76
Office Supplies,Binders,Canvas Sectional Post Binders,422.64
Furniture,Furnishings,Staple-based wall hangings,422.29
Office Supplies,Labels,Round Specialty Laser Printer Labels,421.01
Technology,Accessories,"Perixx PERIBOARD-512B, Ergonomic Split Keyboard",419.88
Technology,Phones,Motorla HX550 Universal Bluetooth Headset,419.23
Office Supplies,Paper,Xerox 1939,417.34
Office Supplies,Paper,Xerox 19,415.13
Technology,Phones,i.Sound Portable Power - 8000 mAh,413.31
Office Supplies,Binders,"Acco Flexible ACCOHIDE Square Ring Data Binder, Dark Blue, 11 1/2"" X 14"" 7/8""",409.99
Office Supplies,Appliances,Kensington 6 Outlet Guardian Standard Surge Protector,409.6
Furniture,Furnishings,Nu-Dell Executive Frame,409.54
Office Supplies,Storage,"Tennsco Lockers, Sand",407.02
Office Supplies,Storage,"Safco Wire Cube Shelving System, For Use as 4 or 5 14"" Cubes, Black",406.78
Office Supplies,Paper,Computer Printout Paper with Letter-Trim Perforations,405.96
Office Supplies,Art,"Boston Model 1800 Electric Pencil Sharpener, Gray",405.36
Office Supplies,Art,Model L Table or Wall-Mount Pencil Sharpener,402.98
Office Supplies,Storage,"Tennsco Lockers, Gray",402.81
Furniture,Bookcases,"Atlantic Metals Mobile 2-Shelf Bookcases, Custom Colors",400.02
Technology,Machines,Lexmark X 9575 Professional All-in-One Color Printer,396
Technology,Phones,Griffin GC17055 Auxiliary Audio Cable,395.78
Furniture,Furnishings,"Seth Thomas 12"" Clock w/ Goldtone Case",390.66
Office Supplies,Binders,Ibico Standard Transparent Covers,390.57
Office Supplies,Art,Boston 1799 Powerhouse Electric Pencil Sharpener,389.7
Technology,Accessories,Logitech Wireless Headset H600 Over-The-Head Design,386.91
Office Supplies,Appliances,Fellowes Advanced Computer Series Surge Protectors,386.75
Office Supplies,Binders,"XtraLife ClearVue Slant-D Ring Binder, White, 3""",386.08
Technology,Machines,Cisco Desktop Collaboration Experience DX650 IP Video Phone,385.8
Technology,Phones,OtterBox Commuter Series Case - Samsung Galaxy S4,384.84
Technology,Accessories,"Logitech Wireless Boombox Speaker - portable - wireless, wired",383.04
Technology,Accessories,Memorex Micro Travel Drive 32 GB,379.71
Furniture,Furnishings,Eldon Advantage Foldable Chair Mats for Low Pile Carpets,379.4
Technology,Phones,AT&T EL51110 DECT,377.97
Furniture,Furnishings,"Executive Impressions 14""",377.91
Office Supplies,Binders,Clear Mylar Reinforcing Strips,377.54
Office Supplies,Envelopes,Globe Weis Peel & Seel First Class Envelopes,375.73
Office Supplies,Storage,Tennsco Commercial Shelving,374.25
Technology,Accessories,"Maxell Pro 80 Minute CD-R, 10/Pack",374.07
Technology,Accessories,"Memorex 25GB 6X Branded Blu-Ray Recordable Disc, 15/Pack",373.79
Office Supplies,Labels,Avery 505,372.96
Office Supplies,Binders,GBC Durable Plastic Covers,369.59
Furniture,Furnishings,36X48 HARDFLOOR CHAIRMAT,369.25
Office Supplies,Storage,"Multi-Use Personal File Cart and Caster Set, Three Stacking Bins",368.46
Technology,Accessories,Lenovo 17-Key USB Numeric Keypad,367.09
Technology,Accessories,Logitech Wireless Touch Keyboard K400,364.85
Technology,Accessories,SanDisk Cruzer 32 GB USB Flash Drive,361.38
Technology,Accessories,KeyTronic 6101 Series - Keyboard - Black,360.71
Technology,Accessories,Microsoft Arc Touch Mouse,359.7
Furniture,Furnishings,"Seth Thomas 14"" Putty-Colored Wall Clock",357.95
Office Supplies,Appliances,Holmes Odor Grabber,357.62
Technology,Accessories,Imation 8gb Micro Traveldrive Usb 2.0 Flash Drive,357
Technology,Accessories,Kingston Digital DataTraveler 32GB USB 2.0,355.95
Office Supplies,Binders,Aluminum Screw Posts,354.02
Office Supplies,Storage,Pizazz Global Quick File,353.29
Office Supplies,Paper,Xerox 1929,351.74
Technology,Machines,I.R.I.S IRISCard Anywhere 5 Card Scanner,350.97
Technology,Accessories,Imation 8GB Mini TravelDrive USB 2.0 Flash Drive,350.2
Office Supplies,Storage,Eldon Gobal File Keepers,348.22
Office Supplies,Storage,"SimpliFile Personal File, Black Granite, 15w x 6-15/16d x 11-1/4h",347.31
Furniture,Furnishings,"Executive Impressions 14"" Contract Wall Clock",346.79
Office Supplies,Binders,Trimflex Flexible Post Binders,346.35
Office Supplies,Storage,Sterilite Officeware Hinged File Box,345.84
Office Supplies,Storage,Eldon Simplefile Box Office,345.83
Office Supplies,Storage,2300 Heavy-Duty Transfer File Systems by Perma,344.72
Office Supplies,Appliances,Fellowes Mighty 8 Compact Surge Protector,344.58
Furniture,Furnishings,Eldon Cleatmat Chair Mats for Medium Pile Carpets,344.1
Office Supplies,Appliances,"Acco Six-Outlet Power Strip, 4' Cord Length",343.08
Office Supplies,Binders,GBC VeloBind Cover Sets,342.77
Office Supplies,Paper,Tops Green Bar Computer Printout Paper,342.58
Office Supplies,Art,Boston 19500 Mighty Mite Electric Pencil Sharpener,342.55
Technology,Machines,"Brother MFC-9340CDW LED All-In-One Printer, Copier Scanner",341.99
Technology,Phones,Classic Ivory Antique Telephone ZL1810,341.67
Office Supplies,Storage,Letter Size File,341.42
Technology,Phones,Anker 36W 4-Port USB Wall Charger Travel Power Adapter for iPhone 5s 5c 5,339.84
Furniture,Furnishings,Luxo Economy Swing Arm Lamp,338.98
Office Supplies,Storage,"Tenex File Box, Personal Filing Tote with Lid, Black",338.12
Office Supplies,Envelopes,"White Business Envelopes with Contemporary Seam, Recycled White Business Envelopes",336.95
Technology,Machines,Wasp CCD Handheld Bar Code Reader,336.51
Technology,Phones,"BlueLounge Milo Smartphone Stand, White/Metallic",335.89
Office Supplies,Binders,"Square Ring Data Binders, Rigid 75 Pt. Covers, 11"" x 14-7/8""",334.37
Office Supplies,Paper,Xerox 226,334.37
Furniture,Furnishings,"Contract Clock, 14"", Brown",334.09
Office Supplies,Appliances,Holmes 99% HEPA Air Purifier,333.57
Furniture,Furnishings,Eldon Econocleat Chair Mats for Low Pile Carpets,331.76
Office Supplies,Art,Bulldog Vacuum Base Pencil Sharpener,330.92
Technology,Accessories,SanDisk Ultra 16 GB MicroSDHC Class 10 Memory Card,329.94
Office Supplies,Paper,Xerox 1979,328.39
Technology,Accessories,Logitech ClearChat Comfort/USB Headset H390,328.04
Office Supplies,Envelopes,Multimedia Mailers,325.86
Technology,Accessories,KeyTronic E03601U1 - Keyboard - Beige,324
Technology,Phones,RCA ViSYS 25425RE1 Corded phone,323.98
Furniture,Bookcases,Sauder Cornerstone Collection Library,322.19
Technology,Accessories,Kensington K72356US Mouse-in-a-Box USB Desktop Mouse,321.85
Office Supplies,Paper,Personal Creations Ink Jet Cards and Labels,321.44
Office Supplies,Envelopes,"White Envelopes, White Envelopes with Clear Poly Window",320.25
Technology,Machines,Konica Minolta magicolor 1690MF Multifunction Printer,319.92
Office Supplies,Storage,X-Rack File for Hanging Folders,318.38
Office Supplies,Storage,"Rogers Jumbo File, Granite",317.77
Furniture,Furnishings,"Seth Thomas 13 1/2"" Wall Clock",316.48
Office Supplies,Binders,"Avery Trapezoid Extra Heavy Duty 4"" Binders",314.54
Office Supplies,Binders,"GBC Pre-Punched Binding Paper, Plastic, White, 8-1/2"" x 11""",310.2
Furniture,Furnishings,"Executive Impressions 14"" Two-Color Numerals Wall Clock",308.99
Office Supplies,Binders,Recycled Easel Ring Binders,308.83
Office Supplies,Supplies,Fiskars Softgrip Scissors,307.44
Office Supplies,Supplies,Acme Box Cutter Scissors,306.9
Office Supplies,Appliances,3M Replacement Filter for Office Air Cleaner for 20' x 33' Room,303.36
Office Supplies,Storage,Eldon Fold 'N Roll Cart System,301.97
Office Supplies,Storage,Eldon Shelf Savers Cubes and Bins,300.14
Technology,Machines,Lexmark S315 Color Inkjet Printer,299.97
Furniture,Furnishings,Tensor Track Tree Floor Lamp,299.85
Office Supplies,Appliances,Honeywell Enviracaire Portable Air Cleaner for up to 8 x 10 Room,299.2
Technology,Accessories,Memorex Micro Travel Drive 8 GB,299
Furniture,Furnishings,Coloredge Poster Frame,298.2
Office Supplies,Art,Boston Home & Office Model 2000 Electric Pencil Sharpeners,297.99
Office Supplies,Paper,Xerox 1992,297.12
Technology,Accessories,Maxell DVD-RAM Discs,296.64
Office Supplies,Fasteners,"Vinyl Coated Wire Paper Clips in Organizer Box, 800/Box",296.18
Office Supplies,Paper,Xerox 1933,294.72
Office Supplies,Art,Stanley Contemporary Battery Pencil Sharpeners,293.7
Technology,Accessories,Micropad Numeric Keypads,291.85
Furniture,Furnishings,"DAX Contemporary Wood Frame with Silver Metal Mat, Desktop, 11 x 14 Size",291.46
Office Supplies,Appliances,Acco 6 Outlet Guardian Premium Plus Surge Suppressor,289.45
Office Supplies,Art,Peel-Off China Markers,287.97
Office Supplies,Binders,"Acco Data Flex Cable Posts For Top & Bottom Load Binders, 6"" Capacity",287.87
Office Supplies,Envelopes,"#10- 4 1/8"" x 9 1/2"" Recycled Envelopes",286.67
Office Supplies,Paper,Embossed Ink Jet Note Cards,284.38
Office Supplies,Storage,"Iris 3-Drawer Stacking Bin, Black",284.11
Office Supplies,Paper,"REDIFORM Incoming/Outgoing Call Register, 11"" X 8 1/2"", 100 Messages",281.89
Technology,Phones,Lunatik TT5L-002 Taktik Strike Impact Protection System for iPhone 5,281.66
Office Supplies,Paper,Xerox 1898,280.56
Technology,Accessories,Memorex Mini Travel Drive 32 GB USB 2.0 Flash Drive,280
Technology,Machines,"Epson WorkForce WF-2530 All-in-One Printer, Copier Scanner",279.96
Technology,Phones,Macally Suction Cup Mount,279.63
Furniture,Furnishings,Westinghouse Clip-On Gooseneck Lamps,279.56
Office Supplies,Supplies,Acme Forged Steel Scissors with Black Enamel Handles,279.3
Office Supplies,Binders,Storex Dura Pro Binders,278.57
Office Supplies,Appliances,Belkin 8-Outlet Premiere SurgeMaster II Surge Protectors,277.92
Office Supplies,Labels,"Avery Address/Shipping Labels for Typewriters, 4"" x 2""",277.38
Office Supplies,Binders,Large Capacity Hanging Post Binders,276.95
Office Supplies,Storage,"Neat Ideas Personal Hanging Folder Files, Black",276.65
Technology,Accessories,HP Standard 104 key PS/2 Keyboard,275.5
Office Supplies,Art,Stanley Bostitch Contemporary Electric Pencil Sharpeners,275.08
Office Supplies,Storage,Staple magnet,272.9
Technology,Phones,Seidio BD2-HK3IPH5-BK DILEX Case and Holster Combo for Apple iPhone 5/5s - Black,272.9
Office Supplies,Binders,Fellowes Binding Cases,271.44
Furniture,Furnishings,Advantus Panel Wall Certificate Holder - 8.5x11,270.84
Office Supplies,Storage,Adjustable Personal File Tote,270.25
Office Supplies,Binders,Plastic Binding Combs,269.67
Office Supplies,Binders,"GBC Twin Loop Wire Binding Elements, 9/16"" Spine, Black",269.41
Office Supplies,Binders,"GBC White Gloss Covers, Plain Front",269.33
Office Supplies,Paper,"Recycled Desk Saver Line ""While You Were Out"" Book, 5 1/2"" X 4""",268.5
Office Supplies,Paper,Xerox 1938,268.24
Furniture,Furnishings,Eldon Wave Desk Accessories,266.73
Office Supplies,Labels,Avery 475,266.4
Office Supplies,Appliances,Belkin F9S820V06 8 Outlet Surge,266.33
Technology,Accessories,Belkin Standard 104 key USB Keyboard,265.54
Furniture,Furnishings,Ultra Door Pull Handle,265.11
Technology,Accessories,Maxell 4.7GB DVD+RW 3/Pack,264.44
Office Supplies,Envelopes,"Peel & Seel Recycled Catalog Envelopes, Brown",264.02
Office Supplies,Art,Newell 324,263.34
Office Supplies,Supplies,Staple remover,263.09
Office Supplies,Paper,"Southworth 100% Résumé Paper, 24lb.",262.97
Furniture,Furnishings,"Eldon Expressions Desk Accessory, Wood Photo Frame, Mahogany",262.76
Office Supplies,Storage,File Shuttle I and Handi-File,262.66
Office Supplies,Appliances,Belkin 6 Outlet Metallic Surge Strip,262.45
Technology,Phones,"LF Elite 3D Dazzle Designer Hard Case Cover, Lf Stylus Pen and Wiper For Apple Iphone 5c Mini Lite",261.6
Furniture,Furnishings,Hand-Finished Solid Wood Document Frame,260.15
Office Supplies,Appliances,3M Office Air Cleaner,259.8
Office Supplies,Storage,Desktop 3-Pocket Hot File,259.68
Office Supplies,Envelopes,"Recycled Interoffice Envelopes with String and Button Closure, 10 x 13",259.1
Furniture,Furnishings,"Executive Impressions 10"" Spectator Wall Clock",258.72
Office Supplies,Binders,"GBC Standard Recycled Report Covers, Clear Plastic Sheets",258.72
Office Supplies,Binders,Avery Legal 4-Ring Binder,258.05
Technology,Phones,Mediabridge Sport Armband iPhone 5s,257.75
Office Supplies,Binders,GBC Poly Designer Binding Covers,256.13
Office Supplies,Art,Berol Giant Pencil Sharpener,254.85
Furniture,Furnishings,"Linden 10"" Round Wall Clock, Black",253.65
Technology,Phones,Apple EarPods with Remote and Mic,251.91
Furniture,Furnishings,Magnifier Swing Arm Lamp,251.76
Technology,Accessories,Sony 32GB Class 10 Micro SDHC R40 Memory Card,251.4
Office Supplies,Storage,Hanging Personal Folder File,251.2
Technology,Accessories,Sony Micro Vault Click 4 GB USB 2.0 Flash Drive,250.92
Office Supplies,Labels,Avery 473,248.4
Office Supplies,Storage,Belkin OmniView SE Rackmount Kit,248.36
Technology,Accessories,"Verbatim 25 GB 6x Blu-ray Single Layer Recordable Disc, 25/Pack",248.29
Furniture,Furnishings,Nu-Dell Leatherette Frames,246.65
Office Supplies,Paper,"Wirebound Message Books, Four 2 3/4"" x 5"" Forms per Page, 600 Sets per Book",246.58
Office Supplies,Paper,Strathmore Photo Mount Cards,245.44
Furniture,Chairs,SAFCO Optional Arm Kit for Workspace Cribbage Stacking Chair,245.09
Office Supplies,Paper,Xerox 1890,244.7
Office Supplies,Envelopes,Brown Kraft Recycled Envelopes,244.51
Furniture,Furnishings,Aluminum Document Frame,244.4
Office Supplies,Appliances,Fellowes Advanced 8 Outlet Surge Suppressor with Phone/Fax Protection,244.29
Office Supplies,Binders,GBC Imprintable Covers,241.56
Office Supplies,Envelopes,Quality Park Security Envelopes,240.77
Technology,Accessories,Logitech M510 Wireless Mouse,239.94
Technology,Phones,"Belkin SportFit Armband For iPhone 5s/5c, Fuchsia",239.84
Office Supplies,Appliances,Holmes HEPA Air Purifier,239.58
Office Supplies,Binders,"Avery Flip-Chart Easel Binder, Black",239.46
Office Supplies,Paper,Xerox 216,238.46
Office Supplies,Binders,Wilson Jones Leather-Like Binders with DublLock Round Rings,238.33
Office Supplies,Paper,Xerox 1982,237.54
Office Supplies,Supplies,Martin-Yale Premier Letter Opener,236.99
Office Supplies,Storage,Recycled Eldon Regeneration Jumbo File,235.78
Office Supplies,Labels,Avery 50,235.56
Office Supplies,Binders,Acco D-Ring Binder w/DublLock,235.18
Furniture,Furnishings,DAX Two-Tone Silver Metal Document Frame,234.78
Office Supplies,Art,Newell 312,234.77
Technology,Phones,Spigen Samsung Galaxy S5 Case Wallet,234.46
Office Supplies,Art,Panasonic KP-4ABK Battery-Operated Pencil Sharpener,234.24
Technology,Accessories,"Maxell 74 Minute CDR, 10/Pack",232.76
Office Supplies,Paper,Petty Cash Envelope,231.85
Office Supplies,Storage,"Tenex Personal Self-Stacking Standard File Box, Black/Gray",229.98
Office Supplies,Appliances,Black & Decker Filter for Double Action Dustbuster Cordless Vac BLDV7210,229.89
Office Supplies,Art,Dixon Ticonderoga Core-Lock Colored Pencils,229.58
Office Supplies,Paper,Advantus Motivational Note Cards,227.94
Office Supplies,Paper,"Adams Phone Message Book, 200 Message Capacity, 8 1/16” x 11”",227.04
Office Supplies,Storage,Iris Project Case,225.04
Office Supplies,Fasteners,Advantus Plastic Paper Clips,225
Technology,Machines,Cisco 8961 IP Phone Charcoal,224.94
Office Supplies,Storage,Portable Personal File Box,224.66
Technology,Phones,iOttie XL Car Mount,223.89
Office Supplies,Paper,"Adams Telephone Message Book w/Frequently-Called Numbers Space, 400 Messages per Book",223.44
Office Supplies,Paper,Xerox 2,222.43
Office Supplies,Art,"Avery Hi-Liter EverBold Pen Style Fluorescent Highlighters, 4/Pack",219.78
Office Supplies,Storage,"Letter/Legal File Tote with Clear Snap-On Lid, Black Granite",218.42
Office Supplies,Paper,"Wirebound Message Books, Four 2 3/4 x 5 White Forms per Page",218.09
Office Supplies,Binders,Avery Non-Stick Binders,217.31
Office Supplies,Supplies,"Fiskars 8"" Scissors, 2/Pack",217.23
Technology,Phones,ARKON Windshield Dashboard Air Vent Car Mount Holder,216.96
Furniture,Furnishings,3M Polarizing Light Filter Sleeves,216.34
Furniture,Furnishings,"DAX Two-Tone Rosewood/Black Document Frame, Desktop, 5 x 7",216.15
Technology,Phones,iOttie HLCRIO102 Car Mount,215.89
Office Supplies,Paper,Xerox 214,215.14
Office Supplies,Binders,DXL Angle-View Binders with Locking Rings by Samsill,215.11
Office Supplies,Binders,Avery Binding System Hidden Tab Executive Style Index Sets,214.57
Technology,Phones,Cisco SPA 501G IP Phone,213.48
Office Supplies,Paper,Xerox 188,213.2
Office Supplies,Binders,GBC Wire Binding Strips,212.66
Office Supplies,Binders,Wilson Jones Turn Tabs Binder Tool for Ring Binders,212.07
Furniture,Furnishings,"Seth Thomas 8 1/2"" Cubicle Clock",210.91
Office Supplies,Paper,Xerox 1931,209.95
Office Supplies,Art,"Sanford Prismacolor Professional Thick Lead Art Pencils, 36-Color Set",209.66
Office Supplies,Art,SANFORD Major Accent Highlighters,209.57
Office Supplies,Binders,Cardinal EasyOpen D-Ring Binders,209.3
Office Supplies,Binders,Ibico Plastic and Wire Spiral Binding Combs,208.23
Office Supplies,Storage,Acco Perma 2700 Stacking Storage Drawers,208.18
Technology,Accessories,Logitech LS21 Speaker System - PC Multimedia - 2.1-CH - Wired,207.9
Office Supplies,Binders,GBC Linen Binding Covers,207.57
Furniture,Chairs,Global Enterprise Series Seating Low-Back Swivel/Tilt Chairs,207.18
Technology,Machines,Epson Perfection V600 Photo Scanner,206.99
Office Supplies,Binders,JM Magazine Binder,204.72
Technology,Machines,Texas Instruments TI-34 Scientific Calculator,204.51
Office Supplies,Appliances,"Holmes Replacement Filter for HEPA Air Cleaner, Medium Room",203.94
Technology,Accessories,Kingston Digital DataTraveler 64GB USB 2.0,202.68
Technology,Phones,Pyle PRT45 Retro Home Telephone,201.57
Office Supplies,Storage,Fellowes Desktop Hanging File Manager,201.45
Office Supplies,Paper,Xerox 1912,201.08
Office Supplies,Paper,Southworth 25% Cotton Antique Laid Paper & Envelopes,200.16
Technology,Phones,PayAnywhere Card Reader,199.8
Office Supplies,Appliances,Bionaire 99.97% HEPA Air Cleaner,199.73
Office Supplies,Envelopes,Laser & Ink Jet Business Envelopes,198.46
Office Supplies,Binders,"Angle-D Binders with Locking Rings, Label Holders",197.83
Office Supplies,Art,Panasonic KP-310 Heavy-Duty Electric Pencil Sharpener,197.82
Office Supplies,Envelopes,"Inter-Office Recycled Envelopes, Brown Kraft, Button-String,10"" x 13"" , 100/Box",197.82
Technology,Phones,"Square Credit Card Reader, 4 1/2"" x 4 1/2"" x 1"", White",197.8
Office Supplies,Appliances,"Eureka Hand Vacuum, Bagless",197.72
Office Supplies,Fasteners,"Alliance Super-Size Bands, Assorted Sizes",197.61
Office Supplies,Binders,Avery Recycled Flexi-View Covers for Binding Systems,197.17
Office Supplies,Paper,Xerox 225,197
Office Supplies,Paper,"Rediform S.O.S. 1-Up Phone Message Bk, 4-1/4x3-1/16 Bk, 1 Form/Pg, 40 Messages/Bk, 3/Pk",196.98
Office Supplies,Art,Newell 309,196.35
Furniture,Furnishings,"DAX Executive Solid Wood Document Frame, Desktop or Hang, Mahogany, 5 x 7",196.25
Office Supplies,Supplies,Acme Tagit Stainless Steel Antibacterial Scissors,196.02
Office Supplies,Supplies,Acme Galleria Hot Forged Steel Scissors with Colored Handles,195.05
Furniture,Furnishings,"Career Cubicle Clock, 8 1/4"", Black",194.69
Technology,Accessories,Memorex Mini Travel Drive 8 GB USB 2.0 Flash Drive,194.55
Furniture,Furnishings,Contemporary Wood/Metal Frame,193.91
Office Supplies,Storage,Project Tote Personal File,193.61
Office Supplies,Binders,"Wilson Jones Clip & Carry Folder Binder Tool for Ring Binders, Clear",191.98
Office Supplies,Paper,Computer Printout Paper with Letter-Trim Fine Perforations,191.6
Office Supplies,Paper,Xerox 1895,191.36
Office Supplies,Binders,Avery Premier Heavy-Duty Binder with Round Locking Rings,191.35
Technology,Accessories,Sony 16GB Class 10 Micro SDHC R40 Memory Card,190.77
Technology,Phones,Gear Head AU3700S Headset,189.65
Technology,Phones,Speck Products Candyshell Flip Case,188.94
Office Supplies,Paper,Xerox 209,187.92
Office Supplies,Paper,White GlueTop Scratch Pads,186.5
Office Supplies,Paper,"Wirebound Message Book, 4 per Page",184.62
Technology,Accessories,"Verbatim 25 GB 6x Blu-ray Single Layer Recordable Disc, 3/Pack",184.54
Office Supplies,Binders,GBC Wire Binding Combs,184.06
Office Supplies,Binders,Ibico Covers for Plastic or Wire Binding Elements,184
Furniture,Furnishings,"Eldon Expressions Wood Desk Accessories, Oak",183.03
Office Supplies,Paper,Xerox 1955,182.72
Office Supplies,Binders,"Fellowes Twister Kit, Gray/Clear, 3/pkg",182.52
Office Supplies,Art,Deluxe Chalkboard Eraser Cleaner,182.49
Office Supplies,Paper,"Speediset Carbonless Redi-Letter 7"" x 8 1/2""",181.46
Office Supplies,Appliances,"Fellowes Smart Surge Ten-Outlet Protector, Platinum",180.66
Office Supplies,Storage,"Perma STOR-ALL Hanging File Box, 13 1/8""W x 12 1/4""D x 10 1/2""H",180.6
Furniture,Furnishings,"Tenex Traditional Chairmats for Hard Floors, Average Lip, 36"" x 48""",180.46
Furniture,Furnishings,"Eldon Image Series Desk Accessories, Ebony",180.31
Technology,Machines,Okidata B401 Printer,179.99
Office Supplies,Storage,Super Decoflex Portable Personal File,179.76
Office Supplies,Supplies,"Elite 5"" Scissors",179.14
Office Supplies,Binders,"Cardinal Slant-D Ring Binder, Heavy Gauge Vinyl",178.99
Office Supplies,Paper,Xerox 1997,178.85
Office Supplies,Paper,Xerox 1892,178.3
Office Supplies,Labels,Avery 490,177.6
Furniture,Furnishings,"Master Caster Door Stop, Brown",176.79
Office Supplies,Binders,Heavy-Duty E-Z-D Binders,176.74
Furniture,Furnishings,"Executive Impressions 12"" Wall Clock",176.7
Office Supplies,Storage,Crate-A-Files,176.58
Office Supplies,Envelopes,"#10-4 1/8"" x 9 1/2"" Premium Diagonal Seam Envelopes",176.29
Office Supplies,Labels,Avery 499,176.29
Office Supplies,Paper,Xerox 1996,176.26
Furniture,Furnishings,"DAX Value U-Channel Document Frames, Easel Back",175.94
Furniture,Furnishings,Tenex Chairmats For Use With Carpeted Floors,175.78
Technology,Phones,Griffin GC36547 PowerJolt SE Lightning Charger,175.41
Office Supplies,Binders,"Acco PRESSTEX Data Binder with Storage Hooks, Dark Blue, 14 7/8"" X 11""",175.38
Office Supplies,Binders,Wilson Jones International Size A4 Ring Binders,174.73
Office Supplies,Paper,Xerox 1978,174.56
Technology,Accessories,Logitech Keyboard K120,174.24
Technology,Phones,Square Credit Card Reader,173.82
Office Supplies,Art,BIC Liqua Brite Liner,173.5
Office Supplies,Paper,Xerox 1952,172.78
Office Supplies,Binders,GBC Plastic Binding Combs,172.7
Office Supplies,Art,Lumber Crayons,171.39
Office Supplies,Art,4009 Highlighters by Sanford,171.14
Furniture,Furnishings,"DAX Copper Panel Document Frame, 5 x 7 Size",171.09
Office Supplies,Paper,Xerox 202,171.07
Office Supplies,Art,Boston 1730 StandUp Electric Pencil Sharpener,171.04
Office Supplies,Binders,Avery Heavy-Duty EZD View Binder with Locking Rings,170.99
Technology,Accessories,Logitech Illuminated Ultrathin Keyboard with Backlighting,170.97
Office Supplies,Appliances,Euro Pro Shark Stick Mini Vacuum,170.74
Furniture,Furnishings,Nu-Dell Float Frame 11 x 14 1/2,170.63
Office Supplies,Paper,Great White Multi-Use Recycled Paper (20Lb. and 84 Bright),169.83
Office Supplies,Paper,Xerox 1894,169.78
Office Supplies,Paper,Xerox 1973,169.02
Furniture,Furnishings,Electrix 20W Halogen Replacement Bulb for Zoom-In Desk Lamp,168.84
Furniture,Furnishings,"DAX Charcoal/Nickel-Tone Document Frame, 5 x 7",168.74
Office Supplies,Paper,"RSVP Cards & Envelopes, Blank White, 8-1/2"" X 11"", 24 Cards/25 Envelopes/Set",168.45
Office Supplies,Appliances,Hoover Commercial SteamVac,168.39
Office Supplies,Labels,Avery 486,168.13
Furniture,Furnishings,"Westinghouse Floor Lamp with Metal Mesh Shade, Black",167.93
Office Supplies,Paper,Southworth 25% Cotton Linen-Finish Paper & Envelopes,166.7
Office Supplies,Supplies,Acme Softgrip Scissors,166.05
Office Supplies,Paper,Xerox 1968,165.66
Office Supplies,Binders,GBC Instant Report Kit,164.98
Office Supplies,Paper,Xerox 195,164.33
Office Supplies,Envelopes,Security-Tint Envelopes,163.49
Furniture,Furnishings,"GE General Use Halogen Bulbs, 100 Watts, 1 Bulb per Pack",163.33
Furniture,Furnishings,"DAX Metal Frame, Desktop, Stepped-Edge",161.92
Office Supplies,Paper,"It's Hot Message Books with Stickers, 2 3/4"" x 5""",161.32
Furniture,Furnishings,"Eldon Expressions Wood and Plastic Desk Accessories, Cherry Wood",160.54
Office Supplies,Paper,"Black Print Carbonless Snap-Off Rapid Letter, 8 1/2"" x 7""",160.34
Technology,Phones,RCA ViSYS 25423RE1 Corded phone,159.98
Office Supplies,Supplies,Acme Office Executive Series Stainless Steel Trimmers,159.4
Office Supplies,Labels,Avery 489,159.39
Furniture,Furnishings,DAX Wood Document Frame.,159.27
Furniture,Furnishings,"Eldon 400 Class Desk Accessories, Black Carbon",159.25
Furniture,Furnishings,"Ultra Door Kickplate, 8""H x 34""W",158.24
Office Supplies,Appliances,Belkin 7 Outlet SurgeMaster Surge Protector with Phone Protection,157.92
Office Supplies,Binders,GBC Personal VeloBind Strips,156.92
Furniture,Furnishings,Artistic Insta-Plaque,156.8
Office Supplies,Paper,Xerox 1936,155.84
Furniture,Furnishings,"Eldon Expressions Punched Metal & Wood Desk Accessories, Black & Cherry",155.71
Office Supplies,Paper,Weyerhaeuser First Choice Laser/Copy Paper (20Lb. and 88 Bright),155.52
Furniture,Furnishings,"Eldon Stackable Tray, Side-Load, Legal, Smoke",155.38
Office Supplies,Labels,Avery 503,155.25
Office Supplies,Paper,Xerox 1918,155.04
Technology,Accessories,Imation 30456 USB Flash Drive 8GB,154.56
Furniture,Furnishings,"Master Caster Door Stop, Large Neon Orange",154.34
Office Supplies,Labels,"Permanent Self-Adhesive File Folder Labels for Typewriters, 1 1/8 x 3 1/2, White",153.72
Office Supplies,Labels,Self-Adhesive Address Labels for Typewriters by Universal,153.51
Office Supplies,Paper,"Message Book, Wirebound, Four 5 1/2"" X 4"" Forms/Pg., 200 Dupl. Sets/Book",152.16
Furniture,Furnishings,"Master Big Foot Doorstop, Beige",152.06
Furniture,Furnishings,Nu-Dell Oak Frame,151.65
Office Supplies,Paper,Xerox 217,151.63
Office Supplies,Paper,Southworth 100% Cotton The Best Paper,151.54
Office Supplies,Appliances,"Holmes Replacement Filter for HEPA Air Cleaner, Large Room",151.07
Technology,Accessories,"Verbatim 25 GB 6x Blu-ray Single Layer Recordable Disc, 10/Pack",150.67
Office Supplies,Paper,Xerox 205,150.34
Office Supplies,Appliances,Acco 6 Outlet Guardian Standard Surge Suppressor,149.92
Office Supplies,Paper,Xerox 1948,149.85
Furniture,Furnishings,"Eldon Expressions Wood and Plastic Desk Accessories, Oak",149.7
Office Supplies,Art,Sanford Liquid Accent Highlighters,149.63
Furniture,Furnishings,Ultra Door Push Plate,149.26
Technology,Accessories,KeyTronic KT400U2 - Keyboard - Black,148.03
Technology,Phones,Anker Astro Mini 3000mAh Ultra-Compact Portable Charger,147.92
Office Supplies,Paper,Xerox 1993,147.74
Office Supplies,Appliances,Kensington 6 Outlet SmartSocket Surge Protector,147.53
Office Supplies,Appliances,"Holmes Cool Mist Humidifier for the Whole House with 8-Gallon Output per Day, Extended Life Filter",147.26
Office Supplies,Binders,"ACCOHIDE 3-Ring Binder, Blue, 1""",147.03
Office Supplies,Binders,"GBC Laser Imprintable Binding System Covers, Desert Sand",146.99
Office Supplies,Envelopes,"#10- 4 1/8"" x 9 1/2"" Security-Tint Envelopes",146.69
Office Supplies,Paper,Xerox 1905,146.45
Furniture,Furnishings,Tensor Brushed Steel Torchiere Floor Lamp,146.11
Office Supplies,Art,Newell 315,145.91
Office Supplies,Storage,"Personal Folder Holder, Ebony",145.73
Furniture,Furnishings,"DAX Cubicle Frames, 8-1/2 x 11",145.69
Office Supplies,Paper,Xerox 220,145.15
Office Supplies,Paper,Astroparche Fine Business Paper,144.67
Furniture,Furnishings,Telescoping Adjustable Floor Lamp,143.92
Office Supplies,Paper,Xerox 203,143.85
Office Supplies,Binders,"Wilson Jones Hanging View Binder, White, 1""",143.42
Office Supplies,Binders,Avery Self-Adhesive Photo Pockets for Polaroid Photos,143.01
Office Supplies,Paper,Xerox 192,142.56
Office Supplies,Binders,Flexible Leather- Look Classic Collection Ring Binder,142.04
Office Supplies,Binders,Ibico Recycled Grain-Textured Covers,141.61
Office Supplies,Paper,Xerox 212,141.27
Office Supplies,Paper,Xerox 23,141.26
Office Supplies,Art,"Eberhard Faber 3 1/2"" Golf Pencils",139.87
Office Supplies,Fasteners,"OIC Colored Binder Clips, Assorted Sizes",139.62
Office Supplies,Fasteners,"Advantus Push Pins, Aluminum Head",139.44
Office Supplies,Paper,Xerox 4200 Series MultiUse Premium Copy Paper (20Lb. and 84 Bright),139.38
Office Supplies,Paper,Xerox 1903,138.74
Office Supplies,Paper,Xerox 1930,138.67
Office Supplies,Paper,Things To Do Today Pad,138.53
Office Supplies,Art,50 Colored Long Pencils,138.18
Furniture,Furnishings,"Eldon 200 Class Desk Accessories, Smoke",138.16
Office Supplies,Binders,"Avery 3 1/2"" Diskette Storage Pages, 10/Pack",137.81
Office Supplies,Binders,Acco 3-Hole Punch,137.54
Furniture,Furnishings,C-Line Cubicle Keepers Polyproplyene Holder With Velcro Backings,137.17
Office Supplies,Labels,Avery 476,137.11
Office Supplies,Paper,Riverleaf Stik-Withit Designer Note Cubes,136.82
Office Supplies,Binders,"Cardinal HOLDit! Binder Insert Strips,Extra Strips",136.73
Furniture,Tables,"Barricks Non-Folding Utility Table with Steel Legs, Laminate Tops",136.46
Office Supplies,Binders,"GBC Clear Cover, 8-1/2 x 11, unpunched, 25 covers per pack",136.44
Office Supplies,Paper,Xerox 1947,136.35
Furniture,Furnishings,"C-Line Magnetic Cubicle Keepers, Clear Polypropylene",136.34
Office Supplies,Supplies,Stiletto Hand Letter Openers,136.32
Technology,Accessories,Memorex Froggy Flash Drive 4 GB,136.28
Office Supplies,Binders,Avery Metallic Poly Binders,135.81
Furniture,Furnishings,"Eldon 200 Class Desk Accessories, Burgundy",135.65
Office Supplies,Paper,Xerox 222,134.79
Office Supplies,Binders,Wilson Jones Impact Binders,134.68
Office Supplies,Binders,Fellowes Presentation Covers for Comb Binding Machines,133.86
Office Supplies,Paper,Xerox 1959,133.6
Furniture,Furnishings,Eldon 200 Class Desk Accessories,133.14
Technology,Phones,OtterBox Defender Series Case - iPhone 5c,133.13
Office Supplies,Paper,"Adams Telephone Message Book W/Dividers/Space For Phone Numbers, 5 1/4""X8 1/2"", 300/Messages",132.89
Office Supplies,Binders,"Acco Pressboard Covers with Storage Hooks, 14 7/8"" x 11"", Light Blue",131.1
Technology,Machines,Hewlett-Packard 300S Scientific Calculator,131.1
Office Supplies,Paper,Xerox 1977,130.93
Office Supplies,Paper,Universal Premium White Copier/Laser Paper (20Lb. and 87 Bright),129.17
Office Supplies,Appliances,Harmony HEPA Quiet Air Purifiers,128.7
Office Supplies,Fasteners,OIC Binder Clips,128.16
Office Supplies,Art,Newell 325,128.03
Technology,Phones,PowerGen Dual USB Car Charger,127.87
Office Supplies,Art,Newell 347,127.54
Office Supplies,Paper,Xerox 230,127.01
Technology,Phones,KLD Oscar II Style Snap-on Ultra Thin Side Flip Synthetic Leather Cover Case for HTC One HTC M7,126.36
Office Supplies,Paper,"Wirebound Service Call Books, 5 1/2"" x 4""",125.84
Furniture,Furnishings,DAX Cubicle Frames - 8x10,125.79
Office Supplies,Envelopes,"Manila Recycled Extra-Heavyweight Clasp Envelopes, 6"" x 9""",125.17
Technology,Accessories,Dell Slim USB Multimedia Keyboard,125
Office Supplies,Paper,"Ampad Phone Message Book, Recycled, 400 Message Capacity, 5 ¾” x 11”",124.8
Furniture,Furnishings,Deflect-O Glasstique Clear Desk Accessories,124.74
Office Supplies,Paper,Xerox 1928,124.61
Office Supplies,Binders,"DXL Angle-View Binders with Locking Rings, Black",124.6
Furniture,Furnishings,"6"" Cubicle Wall Clock, Black",124.59
Office Supplies,Art,Panasonic KP-350BK Electric Pencil Sharpener with Auto Stop,124.49
Office Supplies,Paper,Xerox 21,124.42
Office Supplies,Art,Avery Hi-Liter Smear-Safe Highlighters,123.81
Office Supplies,Art,"BIC Brite Liner Highlighters, Chisel Tip",123.12
Office Supplies,Paper,Xerox 1907,122.8
Office Supplies,Binders,"Acco Four Pocket Poly Ring Binder with Label Holder, Smoke, 1""",122.18
Office Supplies,Paper,Xerox 1995,121.82
Office Supplies,Paper,"Ink Jet Note and Greeting Cards, 8-1/2"" x 5-1/2"" Card Size",121.39
Office Supplies,Labels,Avery 519,121.35
Furniture,Furnishings,"Eldon Expressions Punched Metal & Wood Desk Accessories, Pewter & Cherry",121.29
Office Supplies,Art,Crayola Colored Pencils,120.69
Office Supplies,Paper,Xerox 227,120.53
Office Supplies,Paper,Xerox 232,120.53
Office Supplies,Paper,"Wirebound Four 2-3/4 x 5 Forms per Page, 400 Sets per Book",119.97
Office Supplies,Binders,Cardinal Slant-D Ring Binders,119.92
Furniture,Bookcases,"Bush Saratoga Collection 5-Shelf Bookcase, Hanover Cherry, *Special Order",119.83
Furniture,Furnishings,DAX Clear Channel Poster Frame,119.56
Technology,Phones,Cyber Acoustics AC-202b Speech Recognition Stereo Headset,119.51
Office Supplies,Paper,"Message Book, Phone, Wirebound Standard Line Memo, 2 3/4"" X 5""",119.21
Office Supplies,Art,"BIC Brite Liner Grip Highlighters, Assorted, 5/Pack",118.72
Office Supplies,Art,Newell 314,118.3
Office Supplies,Binders,"Wilson Jones 1"" Hanging DublLock Ring Binders",117.75
Office Supplies,Binders,"SlimView Poly Binder, 3/8""",117.59
Furniture,Furnishings,"Electrix Incandescent Magnifying Lamp, Black",117.28
Office Supplies,Paper,Strathmore Photo Frame Cards,116.96
Office Supplies,Binders,Avery Hole Reinforcements,116.52
Office Supplies,Binders,"Avery Durable Plastic 1"" Binders",116.22
Office Supplies,Paper,"Wirebound Message Books, Four 2 3/4 x 5 Forms per Page, 200 Sets per Book",115.44
Office Supplies,Binders,Avery Printable Repositionable Plastic Tabs,115.24
Furniture,Furnishings,Longer-Life Soft White Bulbs,115.19
Office Supplies,Binders,Wilson Jones Active Use Binders,115.03
Office Supplies,Paper,Xerox 1949,114.55
Office Supplies,Paper,Xerox 1971,113.84
Office Supplies,Labels,Avery File Folder Labels,113.48
Office Supplies,Storage,Akro-Mils 12-Gallon Tote,113.2
Office Supplies,Binders,Pressboard Hanging Data Binders for Unburst Sheets,112.68
Office Supplies,Paper,Xerox 213,111.46
Office Supplies,Art,"Dixon Prang Watercolor Pencils, 10-Color Set with Brush",110.76
Office Supplies,Binders,SpineVue Locking Slant-D Ring Binders by Cardinal,110.59
Office Supplies,Binders,Avery Heavy-Duty EZD  Binder With Locking Rings,110.49
Office Supplies,Labels,Self-Adhesive Removable Labels,110.25
Office Supplies,Paper,"Eureka Recycled Copy Paper 8 1/2"" x 11"", Ream",110.16
Office Supplies,Paper,Xerox 201,110.16
Office Supplies,Paper,Xerox 204,110.16
Office Supplies,Binders,Recycled Premium Regency Composition Covers,110.02
Office Supplies,Paper,"Rediform Wirebound ""Phone Memo"" Message Book, 11 x 5-3/4",110.01
Office Supplies,Labels,Avery 516,109.65
Office Supplies,Paper,"Wirebound Message Books, Two 4 1/4"" x 5"" Forms per Page",109.58
Office Supplies,Paper,Xerox 1962,109.57
Furniture,Furnishings,Dana Swing-Arm Lamps,108.93
Office Supplies,Envelopes,#10 Self-Seal White Envelopes,108.68
Office Supplies,Binders,GBC Standard Plastic Binding Systems' Combs,108.65
Office Supplies,Paper,"Wirebound Message Books, 2 7/8"" x 5"", 3 Forms per Page",108.42
Furniture,Furnishings,"Eldon Expressions Desk Accessory, Wood Pencil Holder, Oak",108.08
Furniture,Furnishings,3M Hangers With Command Adhesive,108.04
Technology,Accessories,Micro Innovations Wireless Classic Keyboard with Mouse,107.96
Technology,Accessories,SanDisk Cruzer 16 GB USB Flash Drive,107.91
Office Supplies,Paper,"Ampad Gold Fibre Wirebound Steno Books, 6"" x 9"", Gregg Ruled",106.72
Office Supplies,Labels,Avery 518,106.47
Office Supplies,Paper,HP Office Recycled Paper (20Lb. and 87 Bright),106.35
Office Supplies,Paper,"Array Parchment Paper, Assorted Colors",106.29
Office Supplies,Appliances,Belkin 7-Outlet SurgeMaster Home Series,106.18
Office Supplies,Binders,Avery Hanging File Binders,105.84
Office Supplies,Paper,Xerox 1900,105.29
Technology,Accessories,Rosewill 107 Normal Keys USB Wired Standard Keyboard,105.14
Office Supplies,Paper,Xerox 211,104.97
Technology,Phones,Samsung Replacement EH64AVFWE Premium Headset,104.5
Technology,Accessories,Memorex Micro Travel Drive 4 GB,103.88
Office Supplies,Paper,Avery Personal Creations Heavyweight Cards,103.86
Office Supplies,Binders,"Pressboard Covers with Storage Hooks, 9 1/2"" x 11"", Light Blue",102.62
Office Supplies,Art,Boston 16765 Mini Stand Up Battery Pencil Sharpener,102.61
Office Supplies,Paper,"TOPS 4 x 6 Fluorescent Color Memo Sheets, 500 Sheets per Pack",102.5
Office Supplies,Binders,Fellowes Black Plastic Comb Bindings,102.26
Office Supplies,Supplies,Acme Titanium Bonded Scissors,102
Technology,Machines,Hewlett-Packard Deskjet F4180 All-in-One Color Ink-jet - Printer / copier / scanner,101.99
Furniture,Furnishings,"Linden 12"" Wall Clock With Oak Frame",101.94
Office Supplies,Paper,Xerox 1970,101.59
Office Supplies,Art,Zebra Zazzle Fluorescent Highlighters,100.94
Office Supplies,Binders,Wilson Jones “Snap” Scratch Pad Binder Tool for Ring Binders,100.92
Office Supplies,Binders,Cardinal Holdit Data Disk Pockets,100.46
Office Supplies,Binders,Wilson Jones 14 Line Acrylic Coated Pressboard Data Binders,100.39
Office Supplies,Art,Prang Drawing Pencil Set,100.08
Office Supplies,Paper,Xerox Blank Computer Paper,99.9
Office Supplies,Binders,"Avery Framed View Binder, EZD Ring (Locking), Navy, 1 1/2""",99.81
Office Supplies,Binders,Pressboard Data Binders by Wilson Jones,99.32
Office Supplies,Storage,Portfile Personal File Boxes,99.12
Office Supplies,Paper,"Telephone Message Books with Fax/Mobile Section, 5 1/2"" x 3 3/16""",99.06
Furniture,Furnishings,"GE 4 Foot Flourescent Tube, 40 Watt",98.87
Office Supplies,Paper,Xerox 1999,98.49
Furniture,Furnishings,Eldon Executive Woodline II Cherry Finish Desk Accessories,98.13
Furniture,Furnishings,"Executive Impressions 14"" Contract Wall Clock with Quartz Movement",97.81
Office Supplies,Supplies,Fiskars Home & Office Scissors,97.68
Office Supplies,Paper,Xerox 219,97.2
Office Supplies,Paper,Xerox 228,97.2
Office Supplies,Labels,Avery 495,97.02
Office Supplies,Art,Newell 341,96.73
Office Supplies,Binders,Wilson Jones Standard D-Ring Binders,96.65
Technology,Accessories,Sabrent 4-Port USB 2.0 Hub,96.42
Furniture,Furnishings,Dax Clear Box Frame,96.03
Office Supplies,Art,"Dixon My First Ticonderoga Pencil, #2",95.94
Office Supplies,Paper,Xerox 224,95.91
Office Supplies,Paper,Xerox 1957,95.9
Office Supplies,Paper,Xerox 210,95.9
Office Supplies,Labels,Avery 51,95.76
Office Supplies,Labels,Avery White Multi-Purpose Labels,95.62
Office Supplies,Supplies,Acme Elite Stainless Steel Scissors,95.07
Office Supplies,Art,Newell 31,94.99
Office Supplies,Art,DIXON Ticonderoga Erasable Checking Pencils,94.86
Office Supplies,Paper,Xerox 1923,94.86
Office Supplies,Binders,Storex DuraTech Recycled Plastic Frosted Binders,94.13
Furniture,Furnishings,Acrylic Self-Standing Desk Frames,93.98
Office Supplies,Labels,Avery 513,93.63
Furniture,Furnishings,Eldon Expressions Mahogany Wood Desk Collection,93.6
Furniture,Furnishings,"Tensor ""Hersey Kiss"" Styled Floor Lamp",93.53
Office Supplies,Paper,"Snap-A-Way Black Print Carbonless Speed Message, No Reply Area, Duplicate",93.25
Office Supplies,Envelopes,"Redi-Strip #10 Envelopes, 4 1/8 x 9 1/2",93.22
Office Supplies,Art,Newell 35,93.15
Office Supplies,Binders,Presstex Flexible Ring Binders,92.83
Office Supplies,Paper,Xerox 196,92.48
Office Supplies,Paper,Xerox 1987,92.48
Office Supplies,Fasteners,OIC Bulk Pack Metal Binder Clips,92.14
Office Supplies,Binders,Acco Translucent Poly Ring Binders,91.72
Office Supplies,Appliances,Hoover Commercial Soft Guard Upright Vacuum And Disposable Filtration Bags,91.68
Office Supplies,Storage,Akro Stacking Bins,91.52
Technology,Machines,Penpower WorldCard Pro Card Scanner,91.48
Office Supplies,Binders,"Acco Pressboard Covers with Storage Hooks, 9 1/2"" x 11"", Executive Red",91.44
Office Supplies,Labels,Avery 481,91.17
Furniture,Bookcases,"Bush Westfield Collection Bookcases, Dark Cherry Finish, Fully Assembled",90.88
Office Supplies,Supplies,Acme Preferred Stainless Steel Scissors,90.88
Office Supplies,Art,Fluorescent Highlighters by Dixon,90.75
Office Supplies,Labels,Avery 48,90.72
Office Supplies,Binders,Avery Durable Slant Ring Binders With Label Holder,90.71
Office Supplies,Art,Prang Colored Pencils,90.56
Office Supplies,Paper,Xerox 1920,89.7
Office Supplies,Paper,Xerox 1956,89.7
Office Supplies,Binders,"Avery Durable Slant Ring Binders, No Labels",89.55
Office Supplies,Paper,Xerox 1967,89.42
Office Supplies,Labels,Avery 480,89.25
Office Supplies,Supplies,Acme Design Stainless Steel Bent Scissors,88.92
Office Supplies,Art,"Binney & Smith Crayola Metallic Colored Pencils, 8-Color Set",88.9
Office Supplies,Labels,Avery 478,88.38
Office Supplies,Art,Manco Dry-Lighter Erasable Highlighter,88.16
Office Supplies,Paper,"TOPS Money Receipt Book, Consecutively Numbered in Red,",88.11
Technology,Accessories,AmazonBasics 3-Button USB Wired Mouse,88.08
Office Supplies,Appliances,"Bravo II Megaboss 12-Amp Hard Body Upright, Replacement Belts, 2 Belts per Pack",87.75
Office Supplies,Fasteners,Advantus Map Pennant Flags and Round Head Tacks,87.69
Office Supplies,Binders,Cardinal Holdit Business Card Pockets,87.63
Furniture,Furnishings,Advantus Panel Wall Acrylic Frame,87.52
Office Supplies,Labels,Avery 508,87.39
Office Supplies,Binders,Avery Durable Binders,87.26
Office Supplies,Paper,HP Office Paper (20Lb. and 87 Bright),86.84
Office Supplies,Art,Newell 333,86.74
Office Supplies,Art,BIC Brite Liner Highlighters,86.12
Office Supplies,Art,Boston 16701 Slimline Battery Pencil Sharpener,86.08
Office Supplies,Binders,"C-Line Peel & Stick Add-On Filing Pockets, 8-3/4 x 5-1/8, 10/Pack",86
Office Supplies,Binders,Prestige Round Ring Binders,85.73
Office Supplies,Paper,Xerox 229,85.53
Office Supplies,Paper,Xerox 1986,85.5
Office Supplies,Binders,"Acco Recycled 2"" Capacity Laser Printer Hanging Data Binders",85.26
Office Supplies,Labels,Avery 487,84.87
Furniture,Furnishings,"Westinghouse Mesh Shade Clip-On Gooseneck Lamp, Black",84.84
Furniture,Furnishings,Magna Visual Magnetic Picture Hangers,84.83
Office Supplies,Paper,Xerox 1954,84.48
Office Supplies,Labels,Avery 512,84.39
Office Supplies,Paper,Xerox 200,84.24
Office Supplies,Paper,Xerox 2000,84.24
Office Supplies,Art,"Hunt BOSTON Vista Battery-Operated Pencil Sharpener, Black",83.96
Technology,Phones,Belkin iPhone and iPad Lightning Cable,83.94
Office Supplies,Appliances,"Eureka Sanitaire  Multi-Pro Heavy-Duty Upright, Disposable Bags",83.9
Office Supplies,Paper,Southworth Parchment Paper & Envelopes,83.72
Office Supplies,Labels,Avery 483,83.67
Furniture,Furnishings,"Master Giant Foot Doorstop, Safety Yellow",83.49
Technology,Accessories,"Verbatim 25 GB 6x Blu-ray Single Layer Recordable Disc, 1/Pack",83.44
Office Supplies,Art,Newell Chalk Holder,83.42
Office Supplies,Binders,3M Organizer Strips,83.16
Office Supplies,Binders,Avery Durable Poly Binders,82.95
Furniture,Furnishings,OIC Stacking Trays,82.83
Office Supplies,Art,Newell 351,82.66
Office Supplies,Paper,Things To Do Today Spiral Book,82.37
Office Supplies,Paper,Xerox 1902,82.22
Office Supplies,Binders,Zipper Ring Binder Pockets,81.75
Office Supplies,Art,"Premium Writing Pencils, Soft, #2 by Central Association for the Blind",81.65
Office Supplies,Supplies,Acme Stainless Steel Office Snips,81.42
Office Supplies,Art,Newell 320,81.32
Furniture,Furnishings,G.E. Longer-Life Indoor Recessed Floodlight Bulbs,81.01
Office Supplies,Art,"Sanford Colorific Colored Pencils, 12/Box",80.95
Office Supplies,Paper,"Adams Telephone Message Books, 5 1/4” x 11”",80.93
Technology,Accessories,"Verbatim Slim CD and DVD Storage Cases, 50/Pack",80.78
Office Supplies,Art,"Quartet Omega Colored Chalk, 12/Pack",80.59
Office Supplies,Binders,Tuff Stuff Recycled Round Ring Binders,80.5
Office Supplies,Paper,Xerox 221,80.36
Office Supplies,Art,Newell 317,79.97
Office Supplies,Storage,Eldon File Chest Portable File,79.4
Technology,Phones,QVS USB Car Charger 2-Port 2.1Amp for iPod/iPhone/iPad/iPad 2/iPad 3,79.23
Office Supplies,Paper,Xerox 1946,79.06
Office Supplies,Paper,Xerox 231,79.06
Office Supplies,Labels,Avery 474,78.34
Office Supplies,Storage,Sterilite Show Offs Storage Containers,78.14
Office Supplies,Binders,Avery Poly Binder Pockets,78.04
Office Supplies,Envelopes,Fashion Color Clasp Envelopes,77.9
Office Supplies,Art,Bulldog Table or Wall-Mount Pencil Sharpener,77.87
Office Supplies,Paper,Xerox 193,77.74
Office Supplies,Fasteners,Plymouth Boxed Rubber Bands by Plymouth,77.24
Office Supplies,Paper,Xerox 1963,77.09
Office Supplies,Paper,"Memo Book, 100 Message Capacity, 5 3/8” x 11”",76.84
Office Supplies,Supplies,Acme Value Line Scissors,76.65
Office Supplies,Paper,Xerox 1994,76.46
Office Supplies,Paper,"Geographics Note Cards, Blank, White, 8 1/2"" x 11""",76.09
Office Supplies,Art,Newell 328,75.92
Office Supplies,Paper,Xerox 198,75.7
Office Supplies,Art,Rogers Handheld Barrel Pencil Sharpener,75.63
Technology,Phones,"SmartStand Mobile Device Holder, Assorted Colors",75.5
Office Supplies,Supplies,Fiskars Spring-Action Scissors,75.49
Office Supplies,Art,"Dixon Ticonderoga Erasable Colored Pencil Set, 12-Color",75.35
Office Supplies,Art,Newell 331,75.31
Technology,Accessories,KeyTronic KT800P2 - Keyboard - Black,75.1
Office Supplies,Paper,Tops Wirebound Message Log Books,73.7
Office Supplies,Binders,XtraLife ClearVue Slant-D Ring Binders by Cardinal,72.91
Office Supplies,Paper,"Adams ""While You Were Out"" Message Pads",72.85
Office Supplies,Binders,"Universal Recycled Hanging Pressboard Report Binders, Letter Size",72.8
Office Supplies,Paper,Southworth Structures Collection,72.8
Furniture,Furnishings,Stacking Trays by OIC,72.7
Office Supplies,Paper,"Wirebound Message Books, 5-1/2 x 4 Forms, 2 or 4 Forms per Page",72.26
Office Supplies,Binders,Ibico Presentation Index for Binding Systems,72.04
Technology,Machines,"Vtech AT&T CL2940 Corded Speakerphone, Black",71.98
Office Supplies,Binders,GBC Instant Index System for Binding Systems,71.93
Office Supplies,Envelopes,#6 3/4 Gummed Flap White Envelopes,71.28
Office Supplies,Labels,Smead Alpha-Z Color-Coded Name Labels First Letter Starter Set,71.25
Office Supplies,Paper,Xerox 1981,70.75
Office Supplies,Paper,"TOPS ""Important Message"" Pads, Canary, 4-1/4 x 5-1/2, 50 Sheets per Pad",70.19
Office Supplies,Paper,Xerox 1975,69.98
Office Supplies,Binders,Recycled Pressboard Report Cover with Reinforced Top Hinge,69.77
Office Supplies,Fasteners,Stockwell Push Pins,69.76
Office Supplies,Paper,Xerox 1899,69.37
Office Supplies,Storage,Woodgrain Magazine Files by Perma,69.14
Office Supplies,Binders,GBC Plasticlear Binding Covers,68.88
Office Supplies,Labels,Avery 52,68.63
Office Supplies,Art,Newell 336,68.48
Office Supplies,Envelopes,"Recycled Interoffice Envelopes with Re-Use-A-Seal Closure, 10 x 13",68.28
Office Supplies,Paper,Avoid Verbal Orders Carbonless Minifold Book,68.28
Office Supplies,Binders,Avery Non-Stick Heavy Duty View Round Locking Ring Binders,68.17
Office Supplies,Art,Barrel Sharpener,67.83
Office Supplies,Paper,Xerox 1897,67.73
Office Supplies,Binders,"Acco PRESSTEX Data Binder with Storage Hooks, Light Blue, 9 1/2"" X 11""",67.25
Office Supplies,Fasteners,Acco Hot Clips Clips to Go,67.12
Office Supplies,Art,Newell 332,67.03
Office Supplies,Labels,Avery 49,66.82
Office Supplies,Binders,Wilson Jones data.warehouse D-Ring Binders with DublLock,66.67
Office Supplies,Binders,Insertable Tab Post Binder Dividers,66.57
Furniture,Furnishings,"Executive Impressions 8-1/2"" Career Panel/Partition Cubicle Clock",66.56
Office Supplies,Binders,GBC ProClick Spines for 32-Hole Punch,66.41
Office Supplies,Labels,Avery 501,66.41
Office Supplies,Envelopes,Poly String Tie Envelopes,66.09
Office Supplies,Labels,Avery 506,66.08
Office Supplies,Fasteners,"Acco Clips to Go Binder Clips, 24 Clips in Two Sizes",66.03
Office Supplies,Art,Newell 321,65.6
Office Supplies,Art,Newell 348,65.6
Office Supplies,Envelopes,Pastel Pink Envelopes,65.52
Office Supplies,Art,Avery Fluorescent Highlighter Four-Color Set,65.47
Technology,Phones,Cush Cases Heavy Duty Rugged Cover Case for Samsung Galaxy S5 - Purple,65.34
Furniture,Furnishings,Stackable Trays,65.3
Office Supplies,Art,Newell 343,65.26
Office Supplies,Binders,ACCOHIDE Binder by Acco,65.25
Office Supplies,Paper,Xerox 1927,65.05
Technology,Phones,Belkin Grip Candy Sheer Case / Cover for iPhone 5 and 5S,64.97
Office Supplies,Paper,"Black Print Carbonless 8 1/2"" x 8 1/4"" Rapid Memo Book",64.06
Office Supplies,Fasteners,Advantus T-Pin Paper Clips,64.04
Furniture,Furnishings,Ultra Commercial Grade Dual Valve Door Closer,63.82
Office Supplies,Binders,"Acco Pressboard Covers with Storage Hooks, 14 7/8"" x 11"", Executive Red",63.64
Technology,Phones,Shocksock Galaxy S4 Armband,63.51
Office Supplies,Binders,"Acco PRESSTEX Data Binder with Storage Hooks, Dark Blue, 9 1/2"" X 11""",62.95
Office Supplies,Envelopes,Peel & Seel Envelopes,62.86
Furniture,Furnishings,G.E. Halogen Desk Lamp Bulbs,62.82
Office Supplies,Labels,Avery 515,62.65
Office Supplies,Paper,"Post-it “Important Message” Note Pad, Neon Colors, 50 Sheets/Pad",62.61
Office Supplies,Art,Newell 350,62.32
Office Supplies,Envelopes,Park Ridge Embossed Executive Business Envelopes,62.28
Office Supplies,Binders,Wilson Jones Four-Pocket Poly Binders,62.13
Office Supplies,Appliances,Hoover Portapower Portable Vacuum,61.83
Office Supplies,Art,Newell 318,61.72
Technology,Phones,Anker 24W Portable Micro USB Car Charger,61.55
Office Supplies,Art,Newell 311,61.44
Office Supplies,Paper,Xerox 206,60.91
Office Supplies,Paper,Xerox 1924,60.1
Office Supplies,Paper,Spiral Phone Message Books with Labels by Adams,60.03
Technology,Accessories,NETGEAR RangeMax WNR1000 Wireless Router,59.98
Office Supplies,Binders,"Acco Pressboard Covers with Storage Hooks, 14 7/8"" x 11"", Dark Blue",59.83
Office Supplies,Art,Newell 330,59.8
Furniture,Furnishings,"Master Caster Door Stop, Large Brown",59.7
Office Supplies,Art,"Crayola Anti Dust Chalk, 12/Pack",59.69
Office Supplies,Art,"Boston 1827 Commercial Additional Cutter, Drive Gear & Gear Rack for 1606",59.49
Furniture,Furnishings,"Executive Impressions 16-1/2"" Circular Wall Clock",58.78
Office Supplies,Fasteners,Ideal Clamps,58.69
Office Supplies,Envelopes,Convenience Packs of Business Envelopes,58.65
Office Supplies,Labels,Avery 500,58.48
Office Supplies,Fasteners,Rubber Band Ball,58.34
Office Supplies,Paper,Xerox 223,58.32
Office Supplies,Binders,Binder Posts,57.41
Office Supplies,Paper,Xerox 1974,57.41
Office Supplies,Paper,Xerox 199,57.35
Office Supplies,Labels,Avery 511,56.68
Office Supplies,Labels,Avery 494,56.37
Office Supplies,Paper,Xerox 1965,56.21
Technology,Phones,"SKILCRAFT Telephone Shoulder Rest, 2"" x 6.5"" x 2.5"", Black",56.16
Furniture,Furnishings,"Executive Impressions 13-1/2"" Indoor/Outdoor Wall Clock",56.1
Office Supplies,Appliances,"Hoover Replacement Belts For Soft Guard & Commercial Ltweight Upright Vacs, 2/Pk",56.09
Office Supplies,Labels,Avery 493,55.97
Office Supplies,Paper,Xerox 1921,55.94
Office Supplies,Binders,GBC Standard Plastic Binding Systems Combs,55.76
Office Supplies,Fasteners,Advantus Push Pins,54.94
Office Supplies,Paper,Array Memo Cubes,54.91
Office Supplies,Paper,"Important Message Pads, 50 4-1/4 x 5-1/2 Forms per Pad",54.6
Technology,Accessories,Imation Swivel Flash Drive USB flash drive - 8 GB,54.58
Office Supplies,Binders,"Mead 1st Gear 2"" Zipper Binder, Asst. Colors",54.47
Office Supplies,Paper,Xerox 208,54.43
Office Supplies,Envelopes,Ampad #10 Peel & Seel Holiday Envelopes,53.76
Office Supplies,Labels,Staple-on labels,53.76
Office Supplies,Labels,Avery 492,53.57
Furniture,Furnishings,"Eldon Imàge Series Desk Accessories, Clear",53.46
Office Supplies,Binders,GBC VeloBinder Strips,52.99
Office Supplies,Paper,EcoTones Memo Sheets,52.8
Furniture,Tables,Anderson Hickey Conga Table Tops & Accessories,51.78
Office Supplies,Art,Colorific Watercolor Pencils,51.6
Office Supplies,Binders,Avery Durable Slant Ring Binders,51.48
Office Supplies,Binders,Wilson Jones Easy Flow II Sheet Lifters,51.48
Office Supplies,Paper,"Message Book, Standard Line ""While You Were Out"", 5 1/2"" X 4"", 200 Sets/Book",51.36
Office Supplies,Binders,Newell 3-Hole Punched Plastic Slotted Magazine Holders for Binders,51.18
Office Supplies,Paper,"Telephone Message Books with Fax/Mobile Section, 4 1/4"" x 6""",51.12
Office Supplies,Labels,Avery 488,51.03
Office Supplies,Envelopes,Colored Envelopes,50.93
Office Supplies,Art,"Eldon Spacemaker Box, Quick-Snap Lid, Clear",50.76
Office Supplies,Appliances,"Commercial WindTunnel Clean Air Upright Vacuum, Replacement Belts, Filtration Bags",50.57
Office Supplies,Labels,Avery 496,50.25
Office Supplies,Envelopes,Wausau Papers Astrobrights Colored Envelopes,50.23
Office Supplies,Paper,"While You Were Out Pads, 50 per Pad, 4 x 5 1/4, Green Cycle",50.13
Office Supplies,Paper,"1/4 Fold Party Design Invitations & White Envelopes, 24 8-1/2"" X 11"" Cards, 25 Env./Pack",49.98
Office Supplies,Paper,Xerox 1896,49.95
Office Supplies,Paper,Xerox 1950,49.71
Office Supplies,Paper,"TOPS Voice Message Log Book, Flash Format",49.5
Office Supplies,Paper,Xerox 218,49.24
Office Supplies,Art,Blackstonian Pencils,49.13
Office Supplies,Art,American Pencil,48.93
Furniture,Furnishings,Eldon Image Series Black Desk Accessories,48.85
Office Supplies,Labels,Smead Alpha-Z Color-Coded Second Alphabetical Labels and Starter Set,48.05
Office Supplies,Fasteners,Revere Boxed Rubber Bands by Revere,48
Office Supplies,Art,Newell 33,47.99
Office Supplies,Labels,Avery 514,47.81
Furniture,Furnishings,"Master Caster Door Stop, Gray",47.75
Office Supplies,Appliances,"Holmes Visible Mist Ultrasonic Humidifier with 2.3-Gallon Output per Day, Replacement Filter",47.54
Office Supplies,Art,Newell 32,47.23
Office Supplies,Art,"Sanford Colorific Scented Colored Pencils, 12/Pack",47.08
Office Supplies,Paper,Xerox 1953,47.08
Office Supplies,Art,Newell 316,46.94
Office Supplies,Paper,Xerox 1998,46.66
Office Supplies,Labels,Avery 520,46.62
Furniture,Furnishings,"Stacking Tray, Side-Loading, Legal, Smoke",46.59
Office Supplies,Paper,Xerox 1972,46.47
Office Supplies,Fasteners,Advantus SlideClip Paper Clips,46.38
Office Supplies,Storage,Decoflex Hanging Personal Folder File,46.26
Office Supplies,Art,"Sanford Colorific Eraseable Coloring Pencils, 12 Count",45.92
Office Supplies,Art,Newell 344,45.59
Office Supplies,Binders,"Black Avery Memo-Size 3-Ring Binder, 5 1/2"" x 8 1/2""",45.5
Office Supplies,Labels,Avery 491,45.43
Furniture,Furnishings,"GE General Purpose, Extra Long Life, Showcase & Floodlight Incandescent Bulbs",45.4
Office Supplies,Paper,Xerox 215,45.36
Office Supplies,Art,"Binney & Smith inkTank Desk Highlighter, Chisel Tip, Yellow, 12/Box",45.15
Office Supplies,Supplies,"Acme Design Line 8"" Stainless Steel Bent Scissors w/Champagne Handles, 3-1/8"" Cut",45.14
Furniture,Furnishings,Document Clip Frames,45.04
Office Supplies,Art,DIXON Oriole Pencils,44.89
Office Supplies,Labels,Permanent Self-Adhesive File Folder Labels for Typewriters by Universal,44.37
Office Supplies,Labels,Avery 517,44.28
Office Supplies,Supplies,Acme Kleen Earth Office Shears,44.23
Technology,Accessories,Kingston Digital DataTraveler 8GB USB 2.0,44.03
Office Supplies,Art,Boston 16750 Black Compact Battery Pencil Sharpener,43.75
Office Supplies,Binders,Accohide Poly Flexible Ring Binders,43.75
Office Supplies,Appliances,Disposable Triple-Filter Dust Bags,43.7
Office Supplies,Supplies,Acme Rosewood Handle Letter Opener,43.67
Office Supplies,Art,Nontoxic Chalk,42.94
Office Supplies,Art,Newell 349,42.64
Technology,Accessories,Imation USB 2.0 Swivel Flash Drive USB flash drive - 4 GB - Pink,42.42
Office Supplies,Binders,3-ring staple pack,42.11
Office Supplies,Binders,Acco Hanging Data Binders,41.92
Technology,Machines,Texas Instrument TI-15 Fraction Calculator,41.91
Office Supplies,Supplies,Acco Side-Punched Conventional Columnar Pads,41.64
Office Supplies,Binders,Wilson Jones Custom Binder Spines & Labels,41.35
Office Supplies,Envelopes,"#10 Gummed Flap White Envelopes, 100/Box",41.3
Office Supplies,Paper,"Adams Write n' Stick Phone Message Book, 11"" X 5 1/4"", 200 Messages",40.9
Office Supplies,Fasteners,"Acco Banker's Clasps, 5 3/4""-Long",40.89
Office Supplies,Binders,Cardinal Poly Pocket Divider Pockets for Ring Binders,40.32
Office Supplies,Paper,Xerox 207,40.18
Office Supplies,Art,Newell 327,39.78
Furniture,Furnishings,"Eldon Regeneration Recycled Desk Accessories, Black",39.69
Office Supplies,Binders,Angle-D Ring Binders,39.38
Office Supplies,Art,Prang Dustless Chalk Sticks,38.97
Office Supplies,Binders,Acco Expandable Hanging Binders,38.92
Office Supplies,Art,Newell 310,38.72
Office Supplies,Binders,Acco Suede Grain Vinyl Round Ring Binder,38.64
Office Supplies,Binders,Cardinal Hold-It CD Pocket,38.3
Office Supplies,Appliances,Acco 6 Outlet Guardian Basic Surge Suppressor,38.27
Office Supplies,Paper,"Ampad Poly Cover Wirebound Steno Book, 6"" x 9"" Assorted Colors, Gregg Ruled",38.14
Office Supplies,Binders,Peel & Stick Add-On Corner Pockets,38.02
Office Supplies,Paper,Southworth 25% Cotton Granite Paper & Envelopes,37.94
Office Supplies,Art,Col-Erase Pencils with Erasers,37.7
Office Supplies,Art,Dixon Ticonderoga Pencils,37.55
Office Supplies,Art,Turquoise Lead Holder with Pocket Clip,37.52
Furniture,Furnishings,Eldon Pizzaz Desk Accessories,37.46
Office Supplies,Binders,Durable Pressboard Binders,37.24
Office Supplies,Art,Faber Castell Col-Erase Pencils,37.16
Office Supplies,Paper,Xerox 1990,36.96
Office Supplies,Binders,Avery Round Ring Poly Binders,36.92
Office Supplies,Storage,Eldon Jumbo ProFile Portable File Boxes Graphite/Black,36.74
Office Supplies,Envelopes,Letter or Legal Size Expandable Poly String Tie Envelopes,36.71
Office Supplies,Art,Newell 326,36.6
Furniture,Furnishings,Eldon 100 Class Desk Accessories,36.39
Office Supplies,Paper,Xerox 1976,36.29
Furniture,Furnishings,Contemporary Borderless Frame,36.16
Office Supplies,Fasteners,Binder Clips by OIC,36.11
Office Supplies,Paper,"Wirebound Message Forms, Four 2 3/4 x 5 Forms per Page, Pink Paper",35.95
Furniture,Furnishings,Regeneration Desk Collection,35.9
Office Supplies,Binders,Wilson Jones DublLock D-Ring Binders,35.78
Office Supplies,Storage,Plastic Stacking Crates & Casters,35.71
Office Supplies,Supplies,Acme Kleencut Forged Steel Scissors,35.58
Office Supplies,Labels,Avery 498,35.26
Office Supplies,Paper,Xerox 1926,34.86
Office Supplies,Art,Economy #2 Pencils,34.58
Office Supplies,Art,Newell 335,34.56
Office Supplies,Fasteners,Assorted Color Push Pins,34.4
Office Supplies,Paper,Xerox 1980,34.24
Furniture,Furnishings,"Eldon Regeneration Recycled Desk Accessories, Smoke",33.75
Office Supplies,Fasteners,"Super Bands, 12/Pack",33.48
Office Supplies,Binders,"Pressboard Data Binder, Crimson, 12"" X 8 1/2""",33.11
Office Supplies,Paper,Hammermill CopyPlus Copy Paper (20Lb. and 84 Bright),32.87
Office Supplies,Binders,Wilson Jones Hanging Recycled Pressboard Data Binders,32.64
Office Supplies,Paper,Xerox 1958,32.4
Office Supplies,Labels,Avery 509,32.36
Office Supplies,Binders,Avery Hidden Tab Dividers for Binding Systems,31.59
Office Supplies,Art,Newell 346,31.1
Office Supplies,Art,"OIC #2 Pencils, Medium Soft",30.83
Office Supplies,Art,"Sanford Uni-Blazer View Highlighters, Chisel Tip, Yellow",30.8
Office Supplies,Art,Newell 322,30.58
Office Supplies,Paper,Hammermill Color Copier Paper (28Lb. and 96 Bright),29.97
Office Supplies,Binders,Economy Binders,29.96
Office Supplies,Binders,Round Ring Binders,29.95
Technology,Machines,Plantronics Single Ear Headset,29.93
Office Supplies,Paper,Xerox 1983,29.9
Office Supplies,Paper,Xerox 190,29.88
Office Supplies,Envelopes,Jiffy Padded Mailers with Self-Seal Closure,29.81
Furniture,Furnishings,"Eldon 300 Class Desk Accessories, Black",29.7
Office Supplies,Fasteners,"Alliance Big Bands Rubber Bands, 12/Pack",29.7
Office Supplies,Art,"Sanford EarthWrite Recycled Pencils, Medium Soft, #2",29.4
Office Supplies,Art,Pencil and Crayon Sharpener,29.34
Office Supplies,Paper,Rediform Voice Mail Log Books,29.2
Office Supplies,Binders,UniKeep View Case Binders,28.84
Office Supplies,Binders,Avery Reinforcements for Hole-Punch Pages,28.52
Office Supplies,Art,Newell 313,28.21
Office Supplies,Paper,"Ampad Evidence Wirebond Steno Books, 6"" x 9""",27.47
Technology,Accessories,Sony 8GB Class 10 Micro SDHC R40 Memory Card,27.19
Technology,Accessories,SanDisk Cruzer 8 GB USB Flash Drive,27.17
Office Supplies,Art,Newell 339,26.69
Office Supplies,Labels,Self-Adhesive Address Labels for Typewriters with Dispenser Box,26.56
Office Supplies,Art,"Avery Hi-Liter GlideStik Fluorescent Highlighter, Yellow Ink",26.08
Office Supplies,Binders,Avery Binder Labels,26.07
Office Supplies,Art,"Binney & Smith inkTank Erasable Pocket Highlighter, Chisel Tip, Yellow",25.99
Technology,Accessories,SanDisk Cruzer 4 GB USB Flash Drive,25.96
Office Supplies,Art,Newell 340,25.92
Office Supplies,Paper,Xerox 1985,25.92
Office Supplies,Binders,"Avery Triangle Shaped Sheet Lifters, Black, 2/Pack",25.82
Office Supplies,Fasteners,Bagged Rubber Bands,25.7
Office Supplies,Paper,"""While you Were Out"" Message Book, One Form per Page",25.22
Office Supplies,Fasteners,Colored Push Pins,24.97
Office Supplies,Fasteners,Translucent Push Pins by OIC,24.55
Office Supplies,Art,BIC Brite Liner Grip Highlighters,24.27
Office Supplies,Art,Newell 329,24.27
Office Supplies,Labels,Avery 507,24.19
Office Supplies,Labels,Avery 497,24.02
Office Supplies,Supplies,Serrated Blade or Curved Handle Hand Letter Openers,23.86
Office Supplies,Art,Newell 338,23.52
Office Supplies,Art,"Dixon Ticonderoga Maple Cedar Pencil, #2",23.33
Office Supplies,Binders,Self-Adhesive Ring Binder Labels,22.88
Office Supplies,Art,Sanford Pocket Accent Highlighters,22.4
Office Supplies,Labels,Avery 510,21.75
Office Supplies,Art,Newell 323,21.17
Office Supplies,Labels,"Avery 05222 Permanent Self-Adhesive File Folder Labels for Typewriters, on Rolls, White, 250/Roll",20.65
Office Supplies,Art,Avery Hi-Liter Fluorescent Desk Style Markers,20.28
Office Supplies,Paper,Rediform S.O.S. Phone Message Books,19.92
Office Supplies,Fasteners,Sterling Rubber Bands by Alliance,19.78
Furniture,Furnishings,Nu-Dell EZ-Mount Plastic Wall Frames,19.7
Office Supplies,Fasteners,Acco Glide Clips,19.6
Office Supplies,Art,Newell 307,19.29
Technology,Accessories,Maxell 4.7GB DVD-R 5/Pack,19
Office Supplies,Paper,Unpadded Memo Slips,18.31
Office Supplies,Paper,Loose Memo Sheets,18.25
Office Supplies,Art,12 Colored Short Pencils,18.2
Office Supplies,Appliances,Hoover Commercial Lightweight Upright Vacuum,18.09
Office Supplies,Art,"Stride Job 150 Highlighters, Chisel Tip, Assorted Colors",17.94
Office Supplies,Art,"Binney & Smith inkTank Erasable Desk Highlighter, Chisel Tip, Yellow, 12/Box",17.64
Office Supplies,Labels,Avery 502,17.64
Office Supplies,Binders,Insertable Tab Indexes For Data Binders,17.49
Office Supplies,Paper,Xerox 1901,16.9
Office Supplies,Labels,Avery 479,16.7
Office Supplies,Binders,Wilson Jones Suede Grain Vinyl Binders,16.4
Office Supplies,Art,"Binney & Smith Crayola Metallic Crayons, 16-Color Pack",16.18
Technology,Accessories,Maxell CD-R Discs,15.76
Office Supplies,Fasteners,"OIC Binder Clips, Mini, 1/4"" Capacity, Black",15.62
Office Supplies,Paper,"Universal Ultra Bright White Copier/Laser Paper, 8 1/2"" x 11"", Ream",15.55
Office Supplies,Art,"Quartet Alpha White Chalk, 12/Pack",15.47
Office Supplies,Paper,Wirebound Voice Message Log Book,15.23
Office Supplies,Art,Boston 1900 Electric Pencil Sharpener,14.98
Office Supplies,Labels,Color-Coded Legal Exhibit Labels,14.73
Office Supplies,Art,SANFORD Liquid Accent Tank-Style Highlighters,14.2
Office Supplies,Supplies,Acme Serrated Blade Letter Opener,13.99
Technology,Phones,Sannysis Cute Owl Design Soft Skin Case Cover for Samsung Galaxy S4,13.86
Office Supplies,Art,Design Ebony Sketching Pencil,13.62
Technology,Accessories,Memorex Mini Travel Drive 4 GB USB 2.0 Flash Drive,13.62
Office Supplies,Fasteners,Alliance Rubber Bands,13.44
Office Supplies,Fasteners,"Brites Rubber Bands, 1 1/2 oz. Box",13.07
Office Supplies,Appliances,"Sanitaire Vibra Groomer IR Commercial Upright Vacuum, Replacement Belts",13
Office Supplies,Fasteners,OIC Thumb-Tacks,12.99
Office Supplies,Paper,Xerox 1984,12.96
Office Supplies,Paper,Xerox 1922,11.95
Technology,Accessories,Maxell 4.7GB DVD+R 5/Pack,11.69
Office Supplies,Labels,Avery 482,11.56
Office Supplies,Paper,Xerox 1969,11.56
Office Supplies,Binders,Acco Economy Flexible Poly Round Ring Binder,11.48
Office Supplies,Binders,Computer Printout Index Tabs,11.08
Office Supplies,Binders,Storex Flexible Poly Binders with Double Pockets,10.83
Office Supplies,Art,Newell 337,10.5
Office Supplies,Supplies,Letter Slitter,10.08
Office Supplies,Art,Newell 342,9.84
Office Supplies,Appliances,Hoover Replacement Belt for Commercial Guardsman Heavy-Duty Upright Vacuum,9.76
Technology,Phones,PNY Rapid USB Car Charger - Black,9.59
Office Supplies,Supplies,Kleencut Forged Office Shears by Acme United Corporation,9.57
Office Supplies,Labels,Avery 484,9.22
Office Supplies,Art,Newell 308,8.4
Office Supplies,Fasteners,Stockwell Gold Paper Clips,8.1
Office Supplies,Paper,Xerox 1989,7.97
Office Supplies,Art,Avery Hi-Liter Pen Style Six-Color Fluorescent Set,7.7
Office Supplies,Envelopes,Grip Seal Envelopes,7.07
Office Supplies,Paper,Xerox 20,6.48
Office Supplies,Labels,Avery 5,5.76
Office Supplies,Appliances,Eureka Disposable Bags for Sanitaire Vibra Groomer I Upright Vac,1.62
