category,sub_category,product_name,Sum of profit
Technology,Copiers,Canon imageCLASS 2200 Advanced Copier,25199.94
Office Supplies,Binders,Fellowes PB500 Electric Punch Plastic Comb Binding Machine with Manual Bind,7753.06
Technology,Copiers,Hewlett Packard LaserJet 3310 Copier,6983.89
Technology,Copiers,Canon PC1060 Personal Laser Copier,4570.94
Technology,Accessories,Logitech G19 Programmable Gaming Keyboard,4425.32
Technology,Machines,"HP Designjet T520 Inkjet Large Format Printer - 24"" Color",4094.98
Technology,Machines,Ativa V4110MDD Micro-Cut Shredder,3772.95
Technology,Machines,"3D Systems Cube Printer, 2nd Generation, Magenta",3717.97
Office Supplies,Binders,Ibico EPK-21 Electric Binding System,3345.29
Technology,Machines,Zebra ZM400 Thermal Label Printer,3343.53
Office Supplies,Appliances,Honeywell Enviracaire Portable HEPA Air Cleaner for 17' x 22' Room,3247.02
Technology,Copiers,Hewlett Packard 610 Color Digital Copier / Printer,3124.94
Technology,Accessories,Plantronics CS510 - Over-the-Head monaural Wireless Headset System,3085.04
Technology,Copiers,Canon Imageclass D680 Copier / Fax,2799.97
Office Supplies,Binders,Fellowes PB300 Plastic Comb Binding Machine,2518.06
Office Supplies,Binders,Ibico Ibimaster 300 Manual Binding System,2318.34
Technology,Accessories,Logitech Z-906 Speaker sys - home theater - 5.1-CH,2243.93
Office Supplies,Binders,GBC DocuBind TL300 Electric Binding System,2233.5
Technology,Accessories,Razer Tiamat Over Ear 7.1 Surround Sound PC Gaming Headset,2155.9
Technology,Copiers,Canon PC940 Copier,2092.46
Technology,Copiers,Sharp AL-1530CS Digital Copier,2064.96
Office Supplies,Storage,"Hot File 7-Pocket, Floor Stand",2016.7
Technology,Machines,Canon imageCLASS MF7460 Monochrome Digital Laser Multifunction Copier,1995.99
Technology,Accessories,Logitech P710e Mobile Speakerphone,1987.95
Technology,Copiers,Canon PC1080F Personal Copier,1973.97
Office Supplies,Storage,Adjustable Depth Letter/Legal Cart,1932.54
Furniture,Chairs,"Hon Deluxe Fabric Upholstered Stacking Chairs, Rounded Back",1927.45
Technology,Phones,Samsung Galaxy Mega 6.3,1822.75
Technology,Copiers,Canon Image Class D660 Copier,1691.97
Technology,Machines,Hewlett-Packard Desktjet 6988DT Refurbished Printer,1668.21
Office Supplies,Appliances,"Sanyo Counter Height Refrigerator with Crisper, 3.6 Cubic Foot, Stainless Steel/Black",1653.83
Technology,Copiers,Sharp 1540cs Digital Laser Copier,1649.98
Office Supplies,Storage,"Dual Level, Single-Width Filing Carts",1640.54
Technology,Phones,Apple iPhone 5,1611.58
Office Supplies,Binders,GBC DocuBind TL200 Manual Binding Machine,1592.48
Office Supplies,Storage,Tennsco 6- and 18-Compartment Lockers,1575.09
Furniture,Chairs,Global Deluxe High-Back Manager's Chair,1558.59
Furniture,Chairs,Hon Pagoda Stacking Chairs,1540.7
Office Supplies,Labels,"Dot Matrix Printer Tape Reel Labels, White, 5000/Box",1517.91
Office Supplies,Appliances,Honeywell Enviracaire Portable HEPA Air Cleaner for 16' x 20' Room,1503.52
Technology,Copiers,Canon PC-428 Personal Copier,1469.92
Technology,Machines,Hewlett-Packard Deskjet 3050a All-in-One Color Inkjet Printer,1459.2
Technology,Accessories,Logitech diNovo Edge Keyboard,1432.45
Furniture,Chairs,Hon 4070 Series Pagoda Armless Upholstered Stacking Chairs,1388.65
Office Supplies,Storage,Deluxe Rollaway Locking File with Drawer,1380.72
Technology,Machines,Bady BDG101FRU Card Printer,1327.99
Furniture,Chairs,Office Star - Professional Matrix Back Chair with 2-to-1 Synchro Tilt and Mesh Fabric Seat,1305.66
Furniture,Chairs,Hon Olson Stacker Chairs,1292.12
Office Supplies,Paper,Xerox 1915,1262.4
Office Supplies,Storage,Standard Rollaway File with Lock,1261.34
Furniture,Furnishings,"GE 48"" Fluorescent Tube, Cool White Energy Saver, 34 Watts, 30/Box",1260.23
Office Supplies,Storage,Letter Size Cart,1252.9
Furniture,Chairs,Hon GuestStacker Chair,1233.07
Technology,Accessories,Maxell iVDR EX 500GB Cartridge,1184.83
Furniture,Chairs,SAFCO Arco Folding Chair,1179.37
Technology,Phones,Panasonic KX-TG9471B,1168.11
Technology,Copiers,Brother DCP1000 Digital 3 in 1 Multifunction Machine,1154.97
Technology,Phones,Panasonic KX-TG9541B DECT 6.0 Digital 2-Line Expandable Cordless Phone With Digital Answering System,1147.43
Office Supplies,Storage,Tennsco 16-Compartment Lockers with Coat Rack,1114.37
Office Supplies,Storage,Smead Adjustable Mobile File Trolley with Lockable Top,1106.66
Technology,Phones,Samsung Galaxy S4 Mini,1104.49
Office Supplies,Paper,Easy-staple paper,1096
Technology,Machines,Fellowes Powershred HS-440 4-Sheet High Security Shredder,1092.68
Office Supplies,Binders,Ibico EB-19 Dual Function Manual Binding System,1086.35
Technology,Phones,ClearOne CHATAttach 160 - speaker phone,1056.39
Furniture,Chairs,Hon 4070 Series Pagoda Round Back Stacking Chairs,1052.82
Office Supplies,Binders,GBC DocuBind 200 Manual Binding Machine,1052.46
Technology,Phones,Wilson SignalBoost 841262 DB PRO Amplifier Kit,1043.87
Technology,Phones,Samsung Galaxy S4 Active,1039.98
Office Supplies,Paper,Xerox 1881,1000.65
Technology,Accessories,Razer Kraken 7.1 Surround Sound Over Ear USB Gaming Headset,995.91
Office Supplies,Storage,Iceberg Mobile Mega Data/Printer Cart,981.89
Furniture,Chairs,"Lifetime Advantage Folding Chairs, 4/Carton",972.64
Technology,Phones,Bose SoundLink Bluetooth Speaker,967.14
Office Supplies,Appliances,Sanyo 2.5 Cubic Foot Mid-Size Office Refrigerators,956.96
Furniture,Chairs,Global Troy Executive Leather Low-Back Tilter,951.88
Office Supplies,Paper,"White Dual Perf Computer Printout Paper, 2700 Sheets, 1 Part, Heavyweight, 20 lbs., 14 7/8 x 11",947.54
Technology,Phones,Nortel Meridian M3904 Professional Digital phone,936.25
Furniture,Chairs,Global Commerce Series High-Back Swivel/Tilt Chairs,926.19
Technology,Phones,Cisco SPA301,904.74
Technology,Phones,Polycom VVX 310 VoIP phone,899.96
Technology,Phones,Polycom CX600 IP Phone VoIP phone,896.85
Technology,Accessories,Logitech G700s Rechargeable Gaming Mouse,889.92
Technology,Accessories,Imation Bio 2GB USB Flash Drive Imation Corp,881.53
Technology,Machines,Okidata MB760 Printer,881.37
Technology,Phones,Jawbone JAMBOX Wireless Bluetooth Speaker,872.1
Furniture,Chairs,"Global Leather and Oak Executive Chair, Black",854.78
Office Supplies,Paper,Multicolor Computer Printout Paper,851.38
Technology,Copiers,Hewlett Packard 310 Color Digital Copier,839.99
Technology,Phones,GE 30524EE4,838.84
Furniture,Chairs,Hon Olson Stacker Stools,833.59
Furniture,Chairs,Hon 4700 Series Mobuis Mid-Back Task Chairs with Adjustable Arms,833
Furniture,Chairs,Hon Multipurpose Stacking Arm Chairs,814.41
Furniture,Chairs,Global Ergonomic Managers Chair,785.43
Technology,Phones,Mitel MiVoice 5330e IP Phone,780.96
Furniture,Bookcases,"Atlantic Metals Mobile 3-Shelf Bookcases, Custom Colors",780.32
Furniture,Chairs,GuestStacker Chair with Chrome Finish Legs,773.25
Technology,Accessories,Logitech Wireless Gaming Headset G930,763.15
Office Supplies,Binders,GBC Ibimaster 500 Manual ProClick Binding System,760.98
Office Supplies,Paper,Xerox 1945,756.29
Technology,Accessories,Plantronics S12 Corded Telephone Headset System,754.53
Office Supplies,Envelopes,Staple envelope,751.6
Furniture,Chairs,Global Executive Mid-Back Manager's Chair,750.72
Office Supplies,Paper,Xerox 189,746.53
Technology,Phones,Wireless Extenders zBoost YX545 SOHO Signal Booster,733.28
Office Supplies,Paper,Xerox 1919,729.64
Technology,Accessories,NETGEAR AC1750 Dual Band Gigabit Smart WiFi Router,723.16
Technology,Accessories,Enermax Aurora Lite Keyboard,722.12
Technology,Accessories,Logitech Wireless Headset h800,719.93
Office Supplies,Appliances,Hoover Shoulder Vac Commercial Portable Vacuum,715.65
Technology,Phones,Google Nexus 5,710.95
Office Supplies,Paper,Xerox 1941,704.59
Furniture,Chairs,Global Leather Executive Chair,701.99
Technology,Accessories,Logitech G35 7.1-Channel Surround Sound Headset,699.35
Office Supplies,Appliances,Hoover WindTunnel Plus Canister Vacuum,697.44
Furniture,Chairs,Global Comet Stacking Arm Chair,697.13
Office Supplies,Storage,Economy Rollaway Files,693.82
Office Supplies,Binders,Fellowes PB200 Plastic Comb Binding Machine,693.56
Furniture,Chairs,Safco Contoured Stacking Chairs,691.36
Technology,Accessories,Logitech Gaming G510s - Keyboard,676.53
Technology,Phones,Jabra SPEAK 410,654.17
Technology,Machines,Cisco SPA525G2 5-Line IP Phone,648.56
Technology,Accessories,Microsoft Sculpt Comfort Mouse,634.4
Office Supplies,Envelopes,Cameo Buff Policy Envelopes,632.25
Technology,Accessories,Enermax Acrylux Wireless Keyboard,630.47
Furniture,Furnishings,"Electrix Architect's Clamp-On Swing Arm Lamp, Black",627.18
Technology,Accessories,NETGEAR N750 Dual Band Wi-Fi Gigabit Router,622.8
Office Supplies,Paper,Xerox 1893,619.37
Furniture,Tables,"SAFCO PlanMaster Heigh-Adjustable Drafting Table Base, 43w x 30d x 30-37h, Black",608.04
Technology,Phones,"Ativa D5772 2-Line 5.8GHz Digital Expandable Corded/Cordless Phone System with Answering & Caller ID/Call Waiting, Black/Silver",593.97
Technology,Phones,Xiaomi Mi3,592.79
Technology,Accessories,Plantronics Audio 995 Wireless Stereo Headset,587.13
Technology,Phones,Panasonic KX T7731-B Digital phone,581.65
Office Supplies,Appliances,"1.7 Cubic Foot Compact ""Cube"" Office Refrigerators",578.68
Technology,Phones,Pyle PMP37LED,576.9
Technology,Phones,Aastra 57i VoIP phone,575.33
Office Supplies,Paper,Xerox 1917,574.69
Furniture,Chairs,"Global Airflow Leather Mesh Back Chair, Black",573.72
Technology,Phones,Digium D40 VoIP phone,571.4
Office Supplies,Envelopes,Tyvek Side-Opening Peel & Seel Expanding Envelopes,570.02
Furniture,Furnishings,"3M Polarizing Task Lamp with Clamp Arm, Light Gray",569.84
Office Supplies,Binders,GBC DocuBind P50 Personal Binding Machine,569.4
Furniture,Bookcases,O'Sullivan 2-Door Barrister Bookcase in Odessa Pine,566.48
Office Supplies,Appliances,Kensington 7 Outlet MasterPiece HOMEOFFICE Power Control Center,563.81
Office Supplies,Binders,GBC ProClick Punch Binding System,562.38
Office Supplies,Envelopes,Ames Color-File Green Diamond Border X-ray Mailers,559.3
Office Supplies,Appliances,Honeywell Quietcare HEPA Air Cleaner,549.76
Technology,Phones,BlackBerry Q10,548.06
Office Supplies,Paper,White Computer Printout Paper by Universal,547.67
Office Supplies,Paper,Xerox 1891,542.92
Furniture,Tables,Hon Non-Folding Utility Tables,541.66
Technology,Accessories,Logitech G600 MMO Gaming Mouse,540.73
Technology,Phones,Wi-Ex zBoost YX540 Cellular Phone Signal Booster,540.04
Office Supplies,Storage,"24 Capacity Maxi Data Binder Racks, Pearl",536.91
Technology,Accessories,Logitech 910-002974 M325 Wireless Mouse for Web Scrolling,536.24
Office Supplies,Paper,Xerox 1934,526.21
Office Supplies,Labels,"Avery 4027 File Folder Labels for Dot Matrix Printers, 5000 Labels per Box, White",524.52
Technology,Phones,Polycom SoundStation2 EX Conference phone,518.34
Technology,Accessories,Logitech Illuminated - Keyboard,515.93
Technology,Phones,Wilson Electronics DB Pro Signal Booster,515.52
Technology,Accessories,Logitech G602 Wireless Gaming Mouse,515.14
Technology,Accessories,Plantronics Audio 478 Stereo USB Headset,514.9
Office Supplies,Envelopes,Airmail Envelopes,514.48
Furniture,Chairs,Global Comet Stacking Armless Chair,514.36
Technology,Phones,Apple iPhone 5S,512.99
Technology,Accessories,Logitech Wireless Marathon Mouse M705,511.89
Office Supplies,Storage,Fellowes Staxonsteel Drawer Files,509.98
Technology,Machines,Zebra GX420t Direct Thermal/Thermal Transfer Printer,509.71
Furniture,Chairs,"Global Fabric Manager's Chair, Dark Gray",499.87
Technology,Accessories,WD My Passport Ultra 2TB Portable External Hard Drive,499.8
Furniture,Chairs,Hon Mobius Operator's Chair,499.33
Technology,Accessories,Logitech Wireless Performance Mouse MX for PC and Mac,497.95
Office Supplies,Paper,Xerox 1906,497.58
Office Supplies,Binders,GBC DocuBind 300 Electric Binding Machine,494.42
Furniture,Chairs,"Global Manager's Adjustable Task Chair, Storm",493.7
Office Supplies,Paper,"Eaton Premium Continuous-Feed Paper, 25% Cotton, Letter Size, White, 1000 Shts/Box",492.66
Office Supplies,Binders,GBC DocuBind P100 Manual Binding Machine,489.65
Furniture,Chairs,DMI Arturo Collection Mission-style Design Wood Chair,486.15
Office Supplies,Storage,"Fellowes Mobile File Cart, Black",485.03
Technology,Accessories,Razer Kraken PRO Over Ear PC and Music Headset,479.94
Technology,Phones,VTech DS6151,478.78
Office Supplies,Appliances,Avanti 1.7 Cu. Ft. Refrigerator,476.63
Technology,Phones,AT&T CL83451 4-Handset Telephone,473.78
Office Supplies,Storage,Fellowes Super Stor/Drawer Files,473.34
Technology,Phones,Motorola L703CM,467.98
Technology,Machines,Cisco 9971 IP Video Phone Charcoal,466.4
Technology,Machines,DYMO CardScan Personal V9 Business Card Scanner,463.97
Office Supplies,Paper,Xerox 1885,461.2
Furniture,Tables,Bretford CR8500 Series Meeting Room Furniture,461.13
Office Supplies,Appliances,Hoover Upright Vacuum With Dirt Cup,460.35
Office Supplies,Paper,"Snap-A-Way Black Print Carbonless Ruled Speed Letter, Triplicate",453.76
Office Supplies,Binders,GBC Recycled Regency Composition Covers,451.94
Furniture,Furnishings,"Howard Miller 11-1/2"" Diameter Ridgewood Wall Clock",448.77
Furniture,Tables,Bevis 36 x 72 Conference Tables,448.17
Office Supplies,Art,"Hunt PowerHouse Electric Pencil Sharpener, Blue",448.17
Technology,Phones,Samsung Galaxy S4,438.2
Furniture,Furnishings,"Howard Miller 14-1/2"" Diameter Chrome Round Wall Clock",436.43
Technology,Phones,netTALK DUO VoIP Telephone Service,430.41
Furniture,Tables,"Hon Practical Foundations 30 x 60 Training Table, Light Gray/Charcoal",430.07
Office Supplies,Storage,Tennsco Double-Tier Lockers,429.8
Technology,Accessories,Logitech G500s Laser Gaming Mouse with Adjustable Weight Tuning,429.73
Furniture,Chairs,Office Star - Contemporary Swivel Chair with Padded Adjustable Arms and Flex Back,425.76
Technology,Phones,Toshiba IPT2010-SD IP Telephone,425.32
Office Supplies,Paper,Xerox 1914,423.74
Technology,Phones,ShoreTel ShorePhone IP 230 VoIP phone,422.47
Office Supplies,Envelopes,"Tyvek Interoffice Envelopes, 9 1/2"" x 12 1/2"", 100/Box",421.97
Office Supplies,Storage,Fellowes High-Stak Drawer Files,419.33
Technology,Phones,Vtech CS6719,418.52
Office Supplies,Appliances,Honeywell Enviracaire Portable HEPA Air Cleaner for up to 10 x 16 Room,417.02
Office Supplies,Paper,Xerox 1916,415.27
Office Supplies,Storage,"Recycled Data-Pak for Archival Bound Computer Printouts, 12-1/2 x 12-1/2 x 16",414.93
Furniture,Chairs,Office Star Flex Back Scooter Chair with Aluminum Finish Frame,413.64
Office Supplies,Binders,GBC Therma-A-Bind 250T Electric Binding System,413.24
Technology,Phones,LG G3,411.58
Technology,Accessories,Maxell 4.7GB DVD-R,411.23
Furniture,Bookcases,"Rush Hierlooms Collection 1"" Thick Stackable Bookcases",410.36
Technology,Accessories,Imation Secure+ Hardware Encrypted USB 2.0 Flash Drive; 16GB,408.75
Office Supplies,Paper,Xerox 1988,404.31
Office Supplies,Appliances,"Acco 7-Outlet Masterpiece Power Center, Wihtout Fax/Phone Line Protection",401.22
Office Supplies,Paper,Xerox 1909,400.97
Technology,Accessories,Imation Bio 8GB USB Flash Drive Imation Corp,398.98
Technology,Phones,Nortel Networks T7316 E Nt8 B27,397.75
Technology,Machines,Ativa MDM8000 8-Sheet Micro-Cut Shredder,393.26
Office Supplies,Storage,"Fellowes Strictly Business Drawer File, Letter/Legal Size",388.76
Technology,Phones,Geemarc AmpliPOWER60,384.18
Office Supplies,Appliances,"Holmes Replacement Filter for HEPA Air Cleaner, Very Large Room, HEPA Filter",381.21
Office Supplies,Paper,Green Bar Computer Printout Paper,380.87
Office Supplies,Appliances,Kensington 4 Outlet MasterPiece Compact Power Control Center,380.58
Technology,Accessories,Logitech G430 Surround Sound Gaming Headset with Dolby 7.1 Technology,377.56
Technology,Phones,Plantronics Voyager Pro HD - Bluetooth Headset,376.94
Office Supplies,Appliances,Belkin 7 Outlet SurgeMaster II,376.5
Office Supplies,Paper,Xerox 1913,375.04
Office Supplies,Appliances,Harmony Air Purifier,374.22
Office Supplies,Binders,GBC Prestige Therm-A-Bind Covers,364.72
Furniture,Bookcases,"Hon Metal Bookcases, Putty",362.72
Technology,Phones,Avaya IP Phone 1140E VoIP phone,362.69
Furniture,Furnishings,Luxo Adjustable Task Clamp Lamp,362.47
Technology,Accessories,Kensington Expert Mouse Optical USB Trackball for PC or Mac,360.98
Technology,Machines,Star Micronics TSP800 TSP847IIU Receipt Printer,360.31
Technology,Accessories,Kensington Orbit Wireless Mobile Trackball for PC and Mac,357.55
Furniture,Tables,Global Adaptabilities Conference Tables,354.04
Office Supplies,Paper,Xerox 1883,354.01
Technology,Phones,Samsung Galaxy Note 2,353.79
Office Supplies,Binders,Avery Arch Ring Binders,349.63
Furniture,Furnishings,Luxo Professional Combination Clamp-On Lamps,345.78
Furniture,Chairs,Office Star - Mid Back Dual function Ergonomic High Back Chair with 2-Way Adjustable Arms,342.88
Technology,Phones,Motorola Droid Maxx,341.98
Furniture,Furnishings,"Howard Miller 13"" Diameter Pewter Finish Round Wall Clock",340.52
Technology,Phones,AT&T TR1909W,340.18
Technology,Phones,Polycom VoiceStation 500 Conference phone,339.21
Furniture,Chairs,Harbour Creations Steel Folding Chair,336.39
Technology,Phones,GE 30522EE2,336.37
Office Supplies,Paper,Xerox 1960,334.58
Office Supplies,Binders,Satellite Sectional Post Binders,329.03
Office Supplies,Binders,Ibico Plastic Spiral Binding Combs,328.92
Office Supplies,Paper,Xerox 1943,328.67
Technology,Phones,Konftel 250 Conference phone - Charcoal black,324.7
Technology,Phones,Avaya 5420 Digital phone,323.98
Furniture,Furnishings,"Howard Miller 13"" Diameter Goldtone Round Wall Clock",322.95
Office Supplies,Paper,Tops White Computer Printout Paper,321.83
Technology,Accessories,SanDisk Cruzer 64 GB USB Flash Drive,319.61
Furniture,Furnishings,Deflect-o Glass Clear Studded Chair Mats,318.37
Technology,Phones,HTC One Mini,317.5
Office Supplies,Paper,Xerox 191,316.67
Technology,Phones,Ooma Telo VoIP Home Phone System,314.98
Furniture,Furnishings,Electrix Halogen Magnifier Lamp,314.77
Office Supplies,Paper,Xerox 1964,314.73
Technology,Phones,Adtran 1202752G1,312.46
Furniture,Tables,"Bush Cubix Conference Tables, Fully Assembled",311.82
Furniture,Furnishings,"Advantus Employee of the Month Certificate Frame, 11 x 13-1/2",311.78
Office Supplies,Appliances,Kensington 7 Outlet MasterPiece Power Center with Fax/Phone Line Protection,311.22
Furniture,Bookcases,Sauder Inglewood Library Bookcases,311.18
Office Supplies,Art,Boston Heavy-Duty Trimline Electric Pencil Sharpeners,310.88
Office Supplies,Envelopes,"Strathmore #10 Envelopes, Ultimate White",309.93
Office Supplies,Paper,Xerox 1886,302.73
Technology,Phones,Innergie mMini Combo Duo USB Travel Charging Kit,302.33
Office Supplies,Labels,Avery 485,300.33
Technology,Phones,Cisco SPA 502G IP Phone,299.89
Office Supplies,Envelopes,"Blue String-Tie & Button Interoffice Envelopes, 10 x 13",299.86
Office Supplies,Fasteners,Staples,292.24
Office Supplies,Appliances,"Eureka The Boss Lite 10-Amp Upright Vacuum, Blue",291.78
Office Supplies,Appliances,Holmes Harmony HEPA Air Purifier for 17 x 20 Room,290.3
Furniture,Furnishings,Luxo Professional Fluorescent Magnifier Lamp with Clamp-Mount Base,289.57
Furniture,Furnishings,Dana Halogen Swing-Arm Architect Lamp,288.42
Office Supplies,Storage,"Mini 13-1/2 Capacity Data Binder Rack, Pearl",287.92
Technology,Accessories,Logitech Trackman Marble Mouse,286.71
Office Supplies,Paper,Xerox 1880,285.65
Technology,Phones,Nokia Lumia 925,284.74
Office Supplies,Binders,Premium Transparent Presentation Covers by GBC,284.06
Furniture,Chairs,"Global Push Button Manager's Chair, Indigo",283.74
Furniture,Chairs,Hon Every-Day Series Multi-Task Chairs,281.97
Office Supplies,Binders,GBC VeloBinder Manual Binding System,280.71
Technology,Accessories,Memorex Mini Travel Drive 16 GB USB 2.0 Flash Drive,280.27
Office Supplies,Paper,Xerox 1911,279.74
Office Supplies,Paper,Xerox 1940,279.19
Office Supplies,Paper,Xerox 1942,278.95
Office Supplies,Storage,"Trav-L-File Heavy-Duty Shuttle II, Black",278.85
Office Supplies,Storage,"Advantus 10-Drawer Portable Organizer, Chrome Metal Frame, Smoke Drawers",277.28
Technology,Phones,Polycom SoundPoint Pro SE-225 Corded phone,276.05
Technology,Phones,Cisco Unified IP Phone 7945G VoIP phone,275.34
Technology,Accessories,Hypercom P1300 Pinpad,275.31
Office Supplies,Envelopes,"Tyvek  Top-Opening Peel & Seel  Envelopes, Gray",274.94
Technology,Phones,ClearOne Communications CHAT 70 OC Speaker Phone,273.47
Office Supplies,Paper,Xerox 1882,273.18
Technology,Phones,AT&T 1080 Phone,271.24
Technology,Machines,Star Micronics TSP100 TSP143LAN Receipt Printer,269.31
Furniture,Chairs,"Global Leather Highback Executive Chair with Pneumatic Height Adjustment, Black",267.29
Furniture,Furnishings,Executive Impressions Supervisor Wall Clock,266.08
Office Supplies,Storage,"File Shuttle II and Handi-File, Black",260.95
Office Supplies,Paper,"Xerox Color Copier Paper, 11"" x 17"", Ream",260.83
Office Supplies,Binders,GBC Twin Loop Wire Binding Elements,259.59
Technology,Phones,Jabra Supreme Plus Driver Edition Headset,259.18
Office Supplies,Storage,"SAFCO Mobile Desk Side File, Wire Frame",259.14
Office Supplies,Paper,Xerox 1944,257.36
Furniture,Furnishings,"Howard Miller 11-1/2"" Diameter Brentwood Wall Clock",256.18
Technology,Accessories,Sony Micro Vault Click 16 GB USB 2.0 Flash Drive,255.32
Office Supplies,Paper,Xerox 1991,254.9
Furniture,Chairs,Harbour Creations 67200 Series Stacking Chairs,254.84
Office Supplies,Storage,Recycled Steel Personal File for Standard File Folders,254.33
Furniture,Chairs,"Iceberg Nesting Folding Chair, 19w x 6d x 43h",253.85
Technology,Phones,Plantronics HL10 Handset Lifter,250.54
Furniture,Furnishings,"Howard Miller 13-1/2"" Diameter Rosebrook Wall Clock",247.58
Furniture,Chairs,"Global Value Steno Chair, Gray",246.01
Office Supplies,Paper,Xerox 1951,244.76
Furniture,Furnishings,Deflect-o DuraMat Antistatic Studded Beveled Mat for Medium Pile Carpeting,244.38
Office Supplies,Labels,Avery 477,244.24
Office Supplies,Labels,Alphabetical Labels for Top Tab Filing,244.2
Technology,Phones,Logitech Mobile Speakerphone P710e - speaker phone,241.61
Office Supplies,Appliances,Eureka The Boss Cordless Rechargeable Stick Vac,241.13
Office Supplies,Paper,Xerox 1935,239
Office Supplies,Paper,Southworth 25% Cotton Premium Laser Paper and Envelopes,236.56
Office Supplies,Paper,Xerox 1910,236.36
Office Supplies,Paper,Xerox 1889,236.33
Office Supplies,Appliances,Kensington 6 Outlet MasterPiece HOMEOFFICE Power Control Center,235.53
Furniture,Furnishings,"Howard Miller 13-3/4"" Diameter Brushed Chrome Round Wall Clock",235.17
Office Supplies,Binders,Tuf-Vin Binders,234.33
Furniture,Chairs,"Situations Contoured Folding Chairs, 4/Set",234.24
Office Supplies,Storage,Advantus Rolling Drawer Organizers,233.18
Furniture,Chairs,Office Star - Ergonomic Mid Back Chair with 2-Way Adjustable Arms,231.65
Office Supplies,Appliances,Avanti 4.4 Cu. Ft. Refrigerator,231.65
Technology,Phones,Apple iPhone 5C,229.98
Furniture,Bookcases,"Hon Metal Bookcases, Gray",229.97
Technology,Phones,Samsung Rugby III,229.65
Office Supplies,Appliances,Kensington 7 Outlet MasterPiece Power Center,229.59
Furniture,Chairs,Global Deluxe Office Fabric Chairs,229.39
Technology,Phones,Cisco IP Phone 7961G VoIP phone - Dark gray,228.4
Technology,Accessories,Memorex Mini Travel Drive 64 GB USB 2.0 Flash Drive,228.3
Office Supplies,Envelopes,"Tyvek  Top-Opening Peel & Seel Envelopes, Plain White",225.04
Office Supplies,Envelopes,"#10 White Business Envelopes,4 1/8 x 9 1/2",223.12
Furniture,Furnishings,"Tenex Contemporary Contur Chairmats for Low and Medium Pile Carpet, Computer, 39"" x 49""",222.89
Office Supplies,Storage,"Sauder Facets Collection Locker/File Cabinet, Sky Alder Finish",222.59
Office Supplies,Paper,"Adams Phone Message Book, Professional, 400 Message Capacity, 5 3/6” x 11”",221.85
Technology,Phones,Plantronics Cordless Phone Headset with In-line Volume - M214C,219.83
Technology,Machines,Lexmark 20R1285 X6650 Wireless All-in-One Printer,218.4
Technology,Phones,PureGear Roll-On Screen Protector,218.29
Office Supplies,Paper,Xerox 1887,216.26
Office Supplies,Binders,"Wilson Jones Ledger-Size, Piano-Hinge Binder, 2"", Blue",215.55
Technology,Accessories,"TRENDnet 56K USB 2.0 Phone, Internet and Fax Modem",212.28
Technology,Accessories,Logitech MX Performance Wireless Mouse,211.82
Technology,Phones,Mitel 5320 IP Phone VoIP phone,211.68
Office Supplies,Binders,Surelock Post Binders,210.87
Furniture,Tables,Bush Advantage Collection Round Conference Table,210.47
Technology,Phones,Cisco SPA508G,207.87
Office Supplies,Appliances,Belkin 5 Outlet SurgeMaster Power Centers,207.02
Furniture,Bookcases,"Global Adaptabilites Bookcase, Cherry/Storm Gray Finish",206.87
Office Supplies,Art,Boston 1645 Deluxe Heavier-Duty Electric Pencil Sharpener,206.26
Office Supplies,Storage,Eldon Mobile Mega Data Cart  Mega Stackable  Add-On Trays,205.76
Office Supplies,Paper,Xerox 1884,204.58
Furniture,Chairs,Global Italian Leather Office Chair,204.33
Technology,Phones,Mophie Juice Pack Helium for iPhone,201.57
Office Supplies,Appliances,Bionaire Personal Warm Mist Humidifier/Vaporizer,201.15
Office Supplies,Storage,Fellowes Bases and Tops For Staxonsteel/High-Stak Systems,201.08
Office Supplies,Paper,Xerox 1939,200.33
Office Supplies,Paper,Xerox 1937,199.84
Office Supplies,Storage,Home/Office Personal File Carts,198.13
Office Supplies,Storage,Eldon Portable Mobile Manager,197.4
Furniture,Furnishings,"Floodlight Indoor Halogen Bulbs, 1 Bulb per Pack, 60 Watts",197.1
Technology,Accessories,Imation Secure Drive + Hardware Encrypted USB flash drive - 16 GB,196.03
Technology,Phones,Samsung HM1900 Bluetooth Headset,195.38
Office Supplies,Paper,Xerox 197,195.18
Technology,Phones,Jackery Bar Premium Fast-charging Portable Charger,192.27
Furniture,Furnishings,Howard Miller Distant Time Traveler Alarm Clock,192.22
Technology,Machines,Lexmark X 9575 Professional All-in-One Color Printer,190.08
Technology,Accessories,Memorex Froggy Flash Drive 8 GB,189.59
Office Supplies,Appliances,Belkin 8 Outlet Surge Protector,188.52
Office Supplies,Paper,"IBM Multi-Purpose Copy Paper, 8 1/2 x 11"", Case",185.89
Office Supplies,Storage,Steel Personal Filing/Posting Tote,185.72
Office Supplies,Paper,Xerox 194,184.19
Technology,Accessories,Microsoft Wireless Mobile Mouse 4000,183.95
Furniture,Furnishings,9-3/4 Diameter Round Wall Clock,183.14
Office Supplies,Paper,Xerox 1925,182.79
Office Supplies,Binders,Binding Machine Supplies,182.6
Office Supplies,Storage,"Tennsco Snap-Together Open Shelving Units, Starter Sets and Add-On Units",181.67
Technology,Accessories,"Maxell 74 Minute CD-R Spindle, 50/Pack",181.19
Furniture,Furnishings,24-Hour Round Wall Clock,180.02
Technology,Machines,Panasonic KX MB2061 Multifunction Printer,179.73
Furniture,Furnishings,"Computer Room Manger, 14""",179.28
Technology,Phones,Panasonic KX TS3282W Corded phone,178.49
Technology,Phones,"Plantronics CS 50-USB - headset - Convertible, Monaural",178.16
Office Supplies,Envelopes,Jet-Pak Recycled Peel 'N' Seal Padded Mailers,177.66
Technology,Machines,Socket Bluetooth Cordless Hand Scanner (CHS),177.2
Furniture,Furnishings,DAX Wood Document Frame,176.34
Office Supplies,Paper,14-7/8 x 11 Blue Bar Computer Printout Paper,172.94
Furniture,Furnishings,"Tenex Traditional Chairmats for Medium Pile Carpet, Standard Lip, 36"" x 48""",172.24
Office Supplies,Paper,Tops Green Bar Computer Printout Paper,171.29
Technology,Phones,invisibleSHIELD by ZAGG Smudge-Free Screen Protector,171.28
Furniture,Chairs,"Safco Chair Connectors, 6/Carton",170.85
Office Supplies,Appliances,"Fellowes Premier Superior Surge Suppressor, 10-Outlet, With Phone and Remote",169.28
Office Supplies,Paper,Computer Printout Paper with Letter-Trim Perforations,169.2
Office Supplies,Appliances,Belkin 8 Outlet SurgeMaster II Gold Surge Protector with Phone Protection,168.44
Technology,Phones,AT&T 17929 Lendline Telephone,167.37
Office Supplies,Appliances,Fellowes 8 Outlet Superior Workstation Surge Protector,166.85
Furniture,Furnishings,"Executive Impressions 14""",166.29
Office Supplies,Labels,Avery 505,165.76
Technology,Phones,AT&T 841000 Phone,165.6
Office Supplies,Art,"Dixon Ticonderoga Core-Lock Colored Pencils, 48-Color Set",165.2
Office Supplies,Envelopes,Globe Weis Peel & Seel First Class Envelopes,164.87
Technology,Phones,Panasonic Business Telephones KX-T7736,163.82
Technology,Phones,Plantronics Encore H101 Dual Earpieces Headset,163.63
Office Supplies,Binders,"Green Canvas Binder for 8-1/2"" x 14"" Sheets",162.64
Technology,Phones,Polycom SoundPoint IP 450 VoIP phone,162.61
Office Supplies,Appliances,Belkin F9G930V10-GRY 9 Outlet Surge,162.59
Technology,Phones,ClearSounds CSC500 Amplified Spirit Phone Corded phone,162.38
Furniture,Furnishings,"Seth Thomas 14"" Day/Date Wall Clock",162.05
Office Supplies,Labels,Round Specialty Laser Printer Labels,162.01
Office Supplies,Paper,Xerox 19,159.56
Office Supplies,Binders,Wilson Jones Heavy-Duty Casebound Ring Binders with Metal Hinges,157.96
Technology,Phones,Grandstream GXP1160 VoIP phone,157.7
Office Supplies,Paper,Personal Creations Ink Jet Cards and Labels,157.5
Technology,Accessories,Maxell LTO Ultrium - 800 GB,156.45
Office Supplies,Paper,Xerox 226,155.76
Office Supplies,Art,Prismacolor Color Pencil Set,155.55
Furniture,Chairs,Office Star - Contemporary Task Swivel Chair,155.37
Technology,Phones,Panasonic KX TS208W Corded phone,154.81
Office Supplies,Paper,Xerox 1929,154.4
Technology,Phones,Samsung Galaxy Note 3,154
Office Supplies,Art,Hunt Boston Vacuum Mount KS Pencil Sharpener,153.96
Office Supplies,Storage,Fellowes Bankers Box Staxonsteel Drawer File/Stacking System,153.35
Technology,Phones,OtterBox Commuter Series Case - iPhone 5 & 5s,153.32
Technology,Machines,I.R.I.S IRISCard Anywhere 5 Card Scanner,152.09
Office Supplies,Storage,Recycled Steel Personal File for Hanging File Folders,151.67
Furniture,Chairs,SAFCO Folding Chair Trolley,151.33
Office Supplies,Envelopes,"White Business Envelopes with Contemporary Seam, Recycled White Business Envelopes",150.97
Technology,Accessories,Enermax Briskie RF Wireless Keyboard and Mouse Combo,150.37
Office Supplies,Art,"Boston School Pro Electric Pencil Sharpener, 1670",149.94
Office Supplies,Envelopes,Multimedia Mailers,149.9
Office Supplies,Storage,"Companion Letter/Legal File, Black",149.53
Technology,Accessories,"Logitech Wireless Boombox Speaker - portable - wireless, wired",148.96
Furniture,Furnishings,"Tenex 46"" x 60"" Computer Anti-Static Chairmat, Rectangular Shaped",148.37
Furniture,Furnishings,Howard Miller 12-3/4 Diameter Accuwave DS  Wall Clock,147.94
Furniture,Bookcases,O'Sullivan 3-Shelf Heavy-Duty Bookcases,147.09
Office Supplies,Binders,Vinyl Sectional Post Binders,147.03
Office Supplies,Appliances,"Eureka The Boss Plus 12-Amp Hard Box Upright Vacuum, Red",146.51
Technology,Phones,AT&T 1080 Corded phone,145.22
Furniture,Furnishings,Tensor Computer Mounted Lamp,144.72
Technology,Phones,Nokia Lumia 1020,144
Technology,Accessories,Imation 32GB Pocket Pro USB 3.0 Flash Drive - 32 GB - Black - 1 P ...,143.76
Office Supplies,Appliances,Euro-Pro Shark Turbo Vacuum,143.73
Technology,Phones,Motorola Moto X,142.8
Office Supplies,Paper,Xerox 1979,140.96
Office Supplies,Art,Sanford 52201 APSCO Electric Pencil Sharpener,140.94
Technology,Machines,Hewlett-Packard Deskjet D4360 Printer,139.99
Technology,Machines,Hewlett-Packard Deskjet 6540 Color Inkjet Printer,139.62
Furniture,Chairs,Hon Valutask Swivel Chairs,139.35
Office Supplies,Envelopes,"White Envelopes, White Envelopes with Clear Poly Window",139.1
Office Supplies,Paper,Xerox 1933,138.52
Office Supplies,Binders,Ibico Laser Imprintable Binding System Covers,138.34
Furniture,Furnishings,"Deflect-o SuperTray Unbreakable Stackable Tray, Letter, Black",138.32
Furniture,Furnishings,Eldon Radial Chair Mat for Low to Medium Pile Carpets,135.93
Furniture,Bookcases,"Bush Andora Bookcase, Maple/Graphite Gray Finish",135.59
Office Supplies,Art,Newell 334,135.3
Technology,Phones,Panasonic KX T7736-B Digital phone,134.96
Technology,Phones,AT&T 1070 Corded Phone,133.8
Technology,Phones,LG Electronics Tone+ HBS-730 Bluetooth Headset,133.31
Technology,Accessories,Logitech Wireless Headset H600 Over-The-Head Design,133.27
Office Supplies,Labels,Avery 475,133.2
Furniture,Furnishings,"Seth Thomas 12"" Clock w/ Goldtone Case",132.83
Technology,Phones,Xblue XB-1670-86 X16 Small Office Telephone - Titanium,132.29
Technology,Accessories,Sony 64GB Class 10 Micro SDHC R40 Memory Card,132.09
Technology,Phones,AT&T CL82213,131.33
Technology,Phones,RCA Visys Integrated PBX 8-Line Router,130.64
Office Supplies,Appliances,Tripp Lite TLP810NET Broadband Surge for Modem/Fax,130.48
Technology,Machines,Cisco Desktop Collaboration Experience DX650 IP Video Phone,130.21
Technology,Accessories,Memorex Micro Travel Drive 32 GB,129.97
Office Supplies,Supplies,"Acme 10"" Easy Grip Assistive Scissors",129.74
Technology,Phones,Jabra BIZ 2300 Duo QD Duo Corded Headset,129.54
Office Supplies,Paper,"REDIFORM Incoming/Outgoing Call Register, 11"" X 8 1/2"", 100 Messages",127.6
Technology,Accessories,Maxell DVD-RAM Discs,127.55
Technology,Phones,Blue Parrot B250XT Professional Grade Wireless Bluetooth Headset with,127.48
Office Supplies,Storage,Eldon ProFile File 'N Store Portable File Tub Letter/Legal Size Black,127.44
Furniture,Furnishings,"Howard Miller 12"" Round Wall Clock",127.3
Technology,Accessories,KeyTronic 6101 Series - Keyboard - Black,127.07
Office Supplies,Art,Panasonic KP-150 Electric Pencil Sharpener,126.81
Office Supplies,Labels,"Avery Address/Shipping Labels for Typewriters, 4"" x 2""",126.69
Technology,Accessories,Memorex Micro Travel Drive 16 GB,126.16
Technology,Phones,HTC One,126
Office Supplies,Binders,"GBC Prepunched Paper, 19-Hole, for Binding Systems, 24-lb",125.8
Furniture,Chairs,"Global Stack Chair with Arms, Black",125.01
Furniture,Furnishings,Tenex B1-RE Series Chair Mats for Low Pile Carpets,124.6
Office Supplies,Storage,"Decoflex Hanging Personal Folder File, Blue",124.13
Office Supplies,Art,Staples in misc. colors,124.06
Furniture,Furnishings,"Deflect-o EconoMat Nonstudded, No Bevel Mat",123.96
Furniture,Furnishings,DAX Natural Wood-Tone Poster Frame,123.92
Office Supplies,Paper,"Recycled Desk Saver Line ""While You Were Out"" Book, 5 1/2"" X 4""",123.53
Office Supplies,Art,Newell 319,123.01
Technology,Phones,OtterBox Defender Series Case - Samsung Galaxy S4,122.97
Office Supplies,Appliances,Belkin F9H710-06 7 Outlet SurgeMaster Surge Protector,122.84
Technology,Phones,Motorla HX550 Universal Bluetooth Headset,122.61
Technology,Phones,Panasonic KX - TS880B Telephone,122.43
Technology,Accessories,"Maxell Pro 80 Minute CD-R, 10/Pack",122.36
Office Supplies,Paper,Xerox 1890,122.35
Furniture,Furnishings,Staple-based wall hangings,121.98
Technology,Accessories,Kensington SlimBlade Notebook Wireless Mouse with Nano Receiver,120.98
Furniture,Furnishings,Flat Face Poster Frame,120.97
Office Supplies,Storage,Safco Steel Mobile File Cart,120.87
Office Supplies,Paper,Xerox 1992,120.8
Office Supplies,Paper,Xerox 1898,120.75
Technology,Machines,"Epson WorkForce WF-2530 All-in-One Printer, Copier Scanner",120.39
Technology,Accessories,WD My Passport Ultra 500GB Portable External Hard Drive,120.36
Office Supplies,Art,"BOSTON Ranger #55 Pencil Sharpener, Black",120.34
Technology,Accessories,First Data TMFD35 PIN Pad,119.95
Office Supplies,Fasteners,"Vinyl Coated Wire Paper Clips in Organizer Box, 800/Box",119.74
Office Supplies,Art,Boston KS Multi-Size Manual Pencil Sharpener,119.54
Office Supplies,Labels,Avery 473,119.25
Office Supplies,Storage,"Sortfiler Multipurpose Personal File Organizer, Black",118.93
Office Supplies,Storage,"Tenex Personal Project File with Scoop Front Design, Black",118.61
Technology,Machines,Konica Minolta magicolor 1690MF Multifunction Printer,118.37
Office Supplies,Art,"Boston Electric Pencil Sharpener, Model 1818, Charcoal Black",118.21
Office Supplies,Appliances,Staple holder,118.01
Furniture,Chairs,"Global Value Mid-Back Manager's Chair, Gray",117.49
Office Supplies,Envelopes,Brown Kraft Recycled Envelopes,117.16
Furniture,Chairs,Bevis Steel Folding Chairs,117.07
Furniture,Furnishings,"Eldon Image Series Desk Accessories, Burgundy",116.7
Furniture,Furnishings,Coloredge Poster Frame,116.29
Technology,Machines,Okidata B400 Printer,115.83
Furniture,Chairs,"Metal Folding Chairs, Beige, 4/Carton",115.73
Technology,Phones,"iKross Bluetooth Portable Keyboard + Cell Phone Stand Holder + Brush for Apple iPhone 5S 5C 5, 4S 4",115.64
Office Supplies,Envelopes,"#10- 4 1/8"" x 9 1/2"" Recycled Envelopes",115.3
Office Supplies,Envelopes,"Recycled Interoffice Envelopes with String and Button Closure, 10 x 13",115.16
Office Supplies,Envelopes,"Peel & Seel Recycled Catalog Envelopes, Brown",113.48
Office Supplies,Art,"BOSTON Model 1800 Electric Pencil Sharpeners, Putty/Woodgrain",113.28
Office Supplies,Paper,"Southworth 100% Résumé Paper, 24lb.",113.2
Technology,Accessories,Memorex Micro Travel Drive 8 GB,113.1
Office Supplies,Storage,"Personal Filing Tote with Lid, Black/Gray",112.9
Office Supplies,Binders,Trimflex Flexible Post Binders,112.89
Technology,Phones,Plantronics 81402,112.18
Office Supplies,Paper,"Adams Telephone Message Book w/Frequently-Called Numbers Space, 400 Messages per Book",111.72
Technology,Machines,Okidata C331dn Printer,111.68
Office Supplies,Art,Panasonic KP-380BK Classic Electric Pencil Sharpener,111.55
Office Supplies,Art,"Hunt BOSTON Model 1606 High-Volume Electric Pencil Sharpener, Beige",111.3
Office Supplies,Binders,"Acco Flexible ACCOHIDE Square Ring Data Binder, Dark Blue, 11 1/2"" X 14"" 7/8""",111.28
Office Supplies,Appliances,Kensington 6 Outlet Guardian Standard Surge Protector,110.6
Office Supplies,Appliances,Belkin F5C206VTEL 6 Outlet Surge,110.3
Office Supplies,Art,"Boston Model 1800 Electric Pencil Sharpener, Gray",109.8
Technology,Phones,AT&T EL51110 DECT,109.61
Office Supplies,Art,Peel-Off China Markers,109.42
Technology,Accessories,Memorex Mini Travel Drive 32 GB USB 2.0 Flash Drive,109.2
Office Supplies,Art,Boston 1799 Powerhouse Electric Pencil Sharpener,109.11
Office Supplies,Paper,"Wirebound Message Books, Four 2 3/4"" x 5"" Forms per Page, 600 Sets per Book",108.99
Office Supplies,Paper,Embossed Ink Jet Note Cards,108.34
Furniture,Furnishings,Advantus Panel Wall Certificate Holder - 8.5x11,108.1
Technology,Accessories,Microsoft Natural Ergonomic Keyboard 4000,107.66
Furniture,Furnishings,"Howard Miller 16"" Diameter Gallery Wall Clock",107.42
Office Supplies,Binders,GBC Recycled Grain Textured Covers,107.06
Office Supplies,Binders,"Performers Binder/Pad Holder, Black",106.53
Furniture,Bookcases,"Safco Value Mate Steel Bookcase, Baked Enamel Finish on Steel, Black",106.47
Office Supplies,Binders,Poly Designer Cover & Back,106.34
Office Supplies,Paper,Strathmore Photo Mount Cards,106.32
Technology,Accessories,Kensington K72356US Mouse-in-a-Box USB Desktop Mouse,106.18
Furniture,Furnishings,Luxo Professional Magnifying Clamp-On Fluorescent Lamps,106.09
Office Supplies,Appliances,"Acco Smartsocket Table Surge Protector, 6 Color-Coded Adapter Outlets",105.49
Office Supplies,Binders,Ibico Standard Transparent Covers,104.83
Office Supplies,Paper,"Adams Phone Message Book, 200 Message Capacity, 8 1/16” x 11”",104.43
Office Supplies,Supplies,"Acme Hot Forged Carbon Steel Scissors with Nickel-Plated Handles, 3 7/8"" Cut, 8""L",103.43
Office Supplies,Fasteners,Advantus Plastic Paper Clips,102.8
Office Supplies,Labels,Avery 50,102.75
Technology,Accessories,SanDisk Cruzer 32 GB USB Flash Drive,102.7
Office Supplies,Binders,GBC Poly Designer Binding Covers,102.44
Furniture,Furnishings,"Howard Miller 11-1/2"" Diameter Grantwood Wall Clock",101.79
Office Supplies,Appliances,Belkin F9M820V08 8 Outlet Surge,101
Furniture,Tables,Bevis Round Conference Table Top & Single Column Base,100.98
Office Supplies,Binders,GBC Recycled VeloBinder Covers,100.87
Office Supplies,Appliances,Fellowes Advanced Computer Series Surge Protectors,100.66
Furniture,Tables,"Chromcraft Bull-Nose Wood Round Conference Table Top, Wood Base",100.21
Technology,Phones,Nortel Business Series Terminal T7208 Digital phone,100.08
Furniture,Furnishings,"DataProducts Ampli Magnifier Task Lamp, Black,",99.57
Technology,Accessories,Anker Ultra-Slim Mini Bluetooth 3.0 Wireless Keyboard,99.55
Furniture,Furnishings,Eldon Wave Desk Accessories,98.99
Furniture,Furnishings,Nu-Dell Executive Frame,98.96
Office Supplies,Binders,"Square Ring Data Binders, Rigid 75 Pt. Covers, 11"" x 14-7/8""",98.26
Office Supplies,Paper,Xerox 188,97.54
Furniture,Furnishings,"DAX Contemporary Wood Frame with Silver Metal Mat, Desktop, 11 x 14 Size",97.16
Office Supplies,Paper,Xerox 216,96.94
Furniture,Tables,Hon 4060 Series Tables,96.29
Office Supplies,Paper,"Wirebound Message Books, Four 2 3/4 x 5 White Forms per Page",95.27
Technology,Phones,I Need's 3d Hello Kitty Hybrid Silicone Case Cover for HTC One X 4g with 3d Hello Kitty Stylus Pen Green/pink,95.2
Technology,Phones,Panasonic Kx-TS550,95.2
Furniture,Furnishings,Luxo Economy Swing Arm Lamp,94.92
Furniture,Furnishings,"Seth Thomas 14"" Putty-Colored Wall Clock",94.77
Technology,Phones,GE 2-Jack Phone Line Splitter,94.76
Office Supplies,Storage,Pizazz Global Quick File,94.61
Office Supplies,Paper,"Rediform S.O.S. 1-Up Phone Message Bk, 4-1/4x3-1/16 Bk, 1 Form/Pg, 40 Messages/Bk, 3/Pk",94.55
Furniture,Furnishings,"Executive Impressions 14"" Two-Color Numerals Wall Clock",94.51
Office Supplies,Art,Newell 345,94.46
Office Supplies,Paper,Petty Cash Envelope,94.36
Office Supplies,Paper,Advantus Motivational Note Cards,94.33
Office Supplies,Paper,Xerox 1938,93.88
Furniture,Furnishings,"Executive Impressions 14"" Contract Wall Clock",93.59
Office Supplies,Art,Newell 34,93.26
Office Supplies,Storage,"Multi-Use Personal File Cart and Caster Set, Three Stacking Bins",93.16
Office Supplies,Paper,Xerox 1912,92.57
Technology,Accessories,Logitech ClearChat Comfort/USB Headset H390,92.57
Office Supplies,Art,Boston 19500 Mighty Mite Electric Pencil Sharpener,92.48
Office Supplies,Art,Model L Table or Wall-Mount Pencil Sharpener,92.11
Office Supplies,Paper,Computer Printout Paper with Letter-Trim Fine Perforations,91.97
Technology,Accessories,Microsoft Arc Touch Mouse,91.12
Furniture,Furnishings,12-1/2 Diameter Round Wall Clock,91.1
Technology,Accessories,"Verbatim 25 GB 6x Blu-ray Single Layer Recordable Disc, 25/Pack",91.04
Technology,Phones,RCA ViSYS 25825 Wireless digital phone,91
Office Supplies,Appliances,3M Office Air Cleaner,90.93
Office Supplies,Binders,"Premium Transparent Presentation Covers, No Pattern/Clear, 8 1/2"" x 11""",90.75
Office Supplies,Storage,Advantus Rolling Storage Box,90.71
Office Supplies,Storage,Mobile Personal File Cube,90.63
Office Supplies,Paper,Xerox 214,90.45
Office Supplies,Binders,Clear Mylar Reinforcing Strips,90.27
Office Supplies,Binders,Avery Legal 4-Ring Binder,90.21
Office Supplies,Paper,Xerox 209,90.19
Office Supplies,Storage,"Fellowes Personal Hanging Folder Files, Navy",90.05
Technology,Accessories,Logitech Wireless Anywhere Mouse MX for PC and Mac,89.98
Office Supplies,Appliances,Belkin 8 Outlet SurgeMaster II Gold Surge Protector,89.97
Technology,Phones,AT&T SB67148 SynJ,89.75
Office Supplies,Paper,Xerox 1982,89.53
Office Supplies,Paper,Xerox 1931,88.64
Technology,Accessories,Maxell 4.7GB DVD+RW 3/Pack,88.41
Technology,Phones,Jensen SMPS-640 - speaker phone,88.28
Office Supplies,Binders,Deluxe Heavy-Duty Vinyl Round Ring Binder,88.24
Office Supplies,Envelopes,Quality Park Security Envelopes,88.2
Furniture,Furnishings,"Executive Impressions 10"" Spectator Wall Clock",87.97
Office Supplies,Appliances,"Holmes Replacement Filter for HEPA Air Cleaner, Medium Room",87.7
Office Supplies,Paper,"Wirebound Message Book, 4 per Page",87.69
Technology,Phones,Cisco SPA112 2 Port Phone Adapter,87.38
Office Supplies,Appliances,Holmes 99% HEPA Air Purifier,86.85
Office Supplies,Supplies,Fiskars Softgrip Scissors,86.08
Office Supplies,Storage,"SimpliFile Personal File, Black Granite, 15w x 6-15/16d x 11-1/4h",85.8
Office Supplies,Paper,Xerox 225,85.79
Office Supplies,Binders,"Avery Trapezoid Ring Binder, 3"" Capacity, Black, 1040 sheets",85.23
Office Supplies,Binders,Plastic Binding Combs,84.98
Furniture,Furnishings,DAX Two-Tone Silver Metal Document Frame,84.81
Technology,Accessories,Micro Innovations USB RF Wireless Keyboard with Mouse,84.5
Technology,Phones,Samsung Galaxy S III - 16GB - pebble blue (T-Mobile),83.99
Technology,Phones,Nokia Lumia 521 (T-Mobile),83.98
Technology,Phones,Cisco 8x8 Inc. 6753i IP Business Phone System,83.7
Office Supplies,Appliances,Belkin 8-Outlet Premiere SurgeMaster II Surge Protectors,83.37
Office Supplies,Envelopes,Laser & Ink Jet Business Envelopes,83.23
Office Supplies,Paper,Xerox 1895,82.83
Office Supplies,Paper,Xerox 1996,81.9
Office Supplies,Paper,Xerox 2,81.83
Furniture,Furnishings,"Dana Fluorescent Magnifying Lamp, White, 36""",81.56
Office Supplies,Appliances,"Acco Six-Outlet Power Strip, 4' Cord Length",81.54
Furniture,Furnishings,Nu-Dell Leatherette Frames,81.46
Office Supplies,Labels,Avery 490,81.4
Office Supplies,Envelopes,"Inter-Office Recycled Envelopes, Brown Kraft, Button-String,10"" x 13"" , 100/Box",81.32
Furniture,Chairs,"Padded Folding Chairs, Black, 4/Carton",80.98
Office Supplies,Paper,Southworth 25% Cotton Antique Laid Paper & Envelopes,80.91
Office Supplies,Appliances,APC 7 Outlet Network SurgeArrest Surge Protector,80.48
Technology,Phones,Avaya 4621SW VoIP phone,79.88
Office Supplies,Paper,Xerox 1892,79.46
Technology,Phones,"Belkin SportFit Armband For iPhone 5s/5c, Fuchsia",79.31
Office Supplies,Paper,Xerox 1894,78.79
Technology,Accessories,Logitech G105 Gaming Keyboard,78.37
Furniture,Furnishings,Electrix 20W Halogen Replacement Bulb for Zoom-In Desk Lamp,78.25
Office Supplies,Storage,Fellowes Stor/Drawer Steel Plus Storage Drawers,78.25
Office Supplies,Storage,Sterilite Officeware Hinged File Box,78.09
Office Supplies,Art,SANFORD Major Accent Highlighters,77.87
Office Supplies,Paper,Xerox 1997,77.76
Office Supplies,Paper,"Speediset Carbonless Redi-Letter 7"" x 8 1/2""",77.64
Office Supplies,Storage,Eldon Simplefile Box Office,77.13
Furniture,Chairs,"Global Deluxe Stacking Chair, Gray",76.97
Office Supplies,Binders,"XtraLife ClearVue Slant-D Ring Binder, White, 3""",76.94
Technology,Phones,"BlueLounge Milo Smartphone Stand, White/Metallic",76.78
Office Supplies,Paper,Xerox 202,76.71
Office Supplies,Art,Deluxe Chalkboard Eraser Cleaner,76.47
Office Supplies,Paper,Xerox 1952,76.18
Office Supplies,Paper,Xerox 1918,75.97
Furniture,Furnishings,3M Polarizing Light Filter Sleeves,75.35
Office Supplies,Paper,Xerox 1968,75.35
Technology,Phones,Panasonic KX-TG6844B Expandable Digital Cordless Telephone,75.24
Office Supplies,Labels,Avery 486,75.16
Office Supplies,Appliances,Tripp Lite Isotel 6 Outlet Surge Protector with Fax/Modem Protection,74.99
Furniture,Furnishings,Ultra Door Pull Handle,74.78
Office Supplies,Labels,Avery 503,74.51
Office Supplies,Paper,Xerox 1978,74.33
Furniture,Furnishings,"DAX Two-Tone Rosewood/Black Document Frame, Desktop, 5 x 7",73.93
Office Supplies,Envelopes,Security-Tint Envelopes,73.88
Office Supplies,Binders,"Acco PRESSTEX Data Binder with Storage Hooks, Dark Blue, 14 7/8"" X 11""",73.86
Furniture,Bookcases,"Bush Westfield Collection Bookcases, Fully Assembled",73.73
Office Supplies,Labels,Avery 489,73.27
Furniture,Chairs,"Hon Deluxe Fabric Upholstered Stacking Chairs, Squared Back",73.19
Furniture,Furnishings,Electrix Fluorescent Magnifier Lamps & Weighted Base,73.03
Office Supplies,Paper,White GlueTop Scratch Pads,72.79
Technology,Accessories,"Maxell 74 Minute CDR, 10/Pack",72.57
Office Supplies,Supplies,Acme Box Cutter Scissors,72.23
Furniture,Furnishings,"Deflect-o DuraMat Lighweight, Studded, Beveled Mat for Low Pile Carpeting",72.07
Office Supplies,Art,Newell 324,72.07
Office Supplies,Binders,Fellowes Binding Cases,71.96
Office Supplies,Paper,Weyerhaeuser First Choice Laser/Copy Paper (20Lb. and 88 Bright),71.27
Furniture,Furnishings,"Seth Thomas 13 1/2"" Wall Clock",71.13
Office Supplies,Paper,"RSVP Cards & Envelopes, Blank White, 8-1/2"" X 11"", 24 Cards/25 Envelopes/Set",71.04
Office Supplies,Paper,Xerox 195,70.54
Office Supplies,Art,Boston Home & Office Model 2000 Electric Pencil Sharpeners,70.49
Office Supplies,Paper,Xerox 1973,70.35
Technology,Accessories,Logitech Illuminated Ultrathin Keyboard with Backlighting,70.1
Office Supplies,Art,Boston 16801 Nautilus Battery Pencil Sharpener,69.99
Technology,Phones,GE DSL Phone Line Filter,69.99
Office Supplies,Paper,Xerox 205,69.46
Furniture,Furnishings,"Career Cubicle Clock, 8 1/4"", Black",68.95
Office Supplies,Paper,Xerox 1905,68.94
Office Supplies,Labels,Avery 499,68.71
Technology,Phones,Clarity 53712,68.64
Furniture,Furnishings,Hand-Finished Solid Wood Document Frame,68.47
Office Supplies,Paper,Xerox 1993,68.44
Office Supplies,Paper,Xerox 192,68.42
Office Supplies,Art,"Avery Hi-Liter EverBold Pen Style Fluorescent Highlighters, 4/Pack",68.37
Office Supplies,Art,Panasonic KP-4ABK Battery-Operated Pencil Sharpener,67.94
Office Supplies,Appliances,Holmes Odor Grabber,67.79
Office Supplies,Supplies,Acme Forged Steel Scissors with Black Enamel Handles,67.78
Office Supplies,Storage,X-Rack File for Hanging Folders,67.74
Office Supplies,Storage,Fellowes Super Stor/Drawer,67.72
Office Supplies,Paper,Xerox 1948,67.43
Office Supplies,Paper,Xerox 217,67.38
Office Supplies,Appliances,Fellowes Mighty 8 Compact Surge Protector,67.3
Technology,Machines,Canon PC170 Desktop Personal Copier,67.18
Technology,Accessories,"Verbatim 25 GB 6x Blu-ray Single Layer Recordable Disc, 3/Pack",67.11
Office Supplies,Paper,Southworth 25% Cotton Linen-Finish Paper & Envelopes,67.05
Technology,Accessories,Micropad Numeric Keypads,66.96
Office Supplies,Binders,DXL Angle-View Binders with Locking Rings by Samsill,66.69
Technology,Accessories,Belkin F8E887 USB Wired Ergonomic Keyboard,66.27
Office Supplies,Paper,Xerox 1903,65.54
Furniture,Furnishings,Magnifier Swing Arm Lamp,65.46
Office Supplies,Paper,Southworth 100% Cotton The Best Paper,65.44
Office Supplies,Paper,"Black Print Carbonless Snap-Off Rapid Letter, 8 1/2"" x 7""",65.14
Office Supplies,Paper,Astroparche Fine Business Paper,65.05
Office Supplies,Envelopes,"#10- 4 1/8"" x 9 1/2"" Security-Tint Envelopes",64.86
Technology,Phones,"Logitech B530 USB Headset - headset - Full size, Binaural",64.74
Technology,Accessories,Kingston Digital DataTraveler 16GB USB 2.0,64.68
Technology,Machines,Texas Instruments TI-34 Scientific Calculator,64.65
Office Supplies,Paper,Great White Multi-Use Recycled Paper (20Lb. and 84 Bright),64.59
Office Supplies,Labels,Self-Adhesive Address Labels for Typewriters by Universal,64.41
Office Supplies,Binders,"Acco Data Flex Cable Posts For Top & Bottom Load Binders, 6"" Capacity",64.14
Furniture,Chairs,"Global Leather Task Chair, Black",63.89
Office Supplies,Paper,Xerox 23,63.76
Office Supplies,Envelopes,"#10-4 1/8"" x 9 1/2"" Premium Diagonal Seam Envelopes",63.75
Office Supplies,Storage,Eldon Fold 'N Roll Cart System,63.75
Office Supplies,Art,Stanley Contemporary Battery Pencil Sharpeners,63.01
Office Supplies,Paper,Xerox 203,62.98
Technology,Accessories,Logitech LS21 Speaker System - PC Multimedia - 2.1-CH - Wired,62.78
Office Supplies,Storage,"Tenex File Box, Personal Filing Tote with Lid, Black",62.66
Office Supplies,Appliances,"Conquest 14 Commercial Heavy-Duty Upright Vacuum, Collection System, Accessory Kit",61.52
Office Supplies,Paper,Xerox 1977,61.45
Furniture,Furnishings,DAX Black Cherry Wood-Tone Poster Frame,61.44
Furniture,Furnishings,Artistic Insta-Plaque,61.16
Office Supplies,Paper,Xerox 220,60.91
Office Supplies,Paper,"Adams Telephone Message Book W/Dividers/Space For Phone Numbers, 5 1/4""X8 1/2"", 300/Messages",60.9
Office Supplies,Paper,Xerox 1959,60.65
Office Supplies,Paper,Xerox 222,60.65
Office Supplies,Paper,Xerox 1936,60.53
Office Supplies,Appliances,Acco 6 Outlet Guardian Premium Surge Suppressor,60.43
Office Supplies,Paper,"Wirebound Service Call Books, 5 1/2"" x 4""",60.4
Technology,Machines,Hewlett-Packard 300S Scientific Calculator,60.3
Office Supplies,Fasteners,OIC Binder Clips,60.14
Technology,Phones,Polycom CX300 Desktop Phone USB VoIP phone,60
Office Supplies,Binders,GBC Plastic Binding Combs,59.77
Office Supplies,Art,Bulldog Vacuum Base Pencil Sharpener,59.6
Office Supplies,Paper,"It's Hot Message Books with Stickers, 2 3/4"" x 5""",59.57
Office Supplies,Storage,Letter Size File,59.55
Office Supplies,Storage,Desktop 3-Pocket Hot File,59.51
Office Supplies,Paper,Xerox 1955,59.38
Office Supplies,Paper,Xerox 1930,59.37
Office Supplies,Art,Panasonic KP-310 Heavy-Duty Electric Pencil Sharpener,59.35
Office Supplies,Fasteners,"OIC Colored Binder Clips, Assorted Sizes",59.28
Furniture,Furnishings,"Seth Thomas 8 1/2"" Cubicle Clock",59.22
Office Supplies,Paper,Things To Do Today Pad,59.17
Office Supplies,Binders,Canvas Sectional Post Binders,59.07
Office Supplies,Storage,Recycled Eldon Regeneration Jumbo File,58.96
Office Supplies,Art,Dixon Ticonderoga Core-Lock Colored Pencils,58.68
Office Supplies,Binders,Wilson Jones Turn Tabs Binder Tool for Ring Binders,58.51
Technology,Phones,Cisco Small Business SPA 502G VoIP phone,58.47
Technology,Accessories,KeyTronic E03601U1 - Keyboard - Beige,58.32
Office Supplies,Appliances,Fellowes Basic Home/Office Series Surge Protectors,58.28
Office Supplies,Storage,"Neat Ideas Personal Hanging Folder Files, Black",58.03
Furniture,Furnishings,"Eldon 200 Class Desk Accessories, Smoke",58.02
Technology,Accessories,HP Standard 104 key PS/2 Keyboard,58.01
Office Supplies,Paper,Xerox 1907,57.72
Office Supplies,Binders,Ibico Covers for Plastic or Wire Binding Elements,57.51
Technology,Accessories,Sony Micro Vault Click 8 GB USB 2.0 Flash Drive,57.33
Office Supplies,Appliances,Fellowes Superior 10 Outlet Split Surge Protector,57.08
Office Supplies,Paper,Xerox 212,57.02
Office Supplies,Paper,Xerox 232,56.5
Furniture,Furnishings,Eldon Advantage Chair Mats for Low to Medium Pile Carpets,56.29
Office Supplies,Paper,Xerox 230,56.24
Office Supplies,Storage,"Tennsco Lockers, Sand",56.23
Furniture,Furnishings,Aluminum Document Frame,56.22
Office Supplies,Paper,"Ampad Phone Message Book, Recycled, 400 Message Capacity, 5 ¾” x 11”",56.17
Furniture,Furnishings,"C-Line Magnetic Cubicle Keepers, Clear Polypropylene",56.1
Furniture,Furnishings,Nu-Dell Float Frame 11 x 14 1/2,56.03
Technology,Machines,NeatDesk Desktop Scanner & Digital Filing System,56
Office Supplies,Paper,Universal Premium White Copier/Laser Paper (20Lb. and 87 Bright),55.97
Furniture,Furnishings,"Eldon Image Series Desk Accessories, Ebony",55.82
Office Supplies,Binders,Acco 3-Hole Punch,55.53
Office Supplies,Appliances,Belkin Premiere Surge Master II 8-outlet surge protector,55.39
Office Supplies,Art,Lumber Crayons,55.37
Office Supplies,Appliances,"Eureka Hand Vacuum, Bagless",55.36
Office Supplies,Paper,Riverleaf Stik-Withit Designer Note Cubes,55.33
Office Supplies,Storage,Portable Personal File Box,55.31
Office Supplies,Binders,Wilson Jones Century Plastic Molded Ring Binders,55.24
Office Supplies,Binders,"Wilson Jones Hanging View Binder, White, 1""",55.23
Furniture,Furnishings,"DAX Executive Solid Wood Document Frame, Desktop or Hang, Mahogany, 5 x 7",55.09
Office Supplies,Labels,"Permanent Self-Adhesive File Folder Labels for Typewriters, 1 1/8 x 3 1/2, White",55.07
Technology,Phones,"Square Credit Card Reader, 4 1/2"" x 4 1/2"" x 1"", White",54.85
Furniture,Tables,"SAFCO PlanMaster Boards, 60w x 37-1/2d, White Melamine",54.72
Office Supplies,Labels,Avery 476,54.6
Furniture,Chairs,"Leather Task Chair, Black",54.59
Office Supplies,Paper,Xerox 1947,54.13
Office Supplies,Paper,"Message Book, Wirebound, Four 5 1/2"" X 4"" Forms/Pg., 200 Dupl. Sets/Book",54.06
Office Supplies,Art,4009 Highlighters by Sanford,53.81
Office Supplies,Paper,Strathmore Photo Frame Cards,53.81
Technology,Accessories,Logitech Wireless Touch Keyboard K400,53.73
Office Supplies,Appliances,Black & Decker Filter for Double Action Dustbuster Cordless Vac BLDV7210,53.71
Office Supplies,Art,BIC Liqua Brite Liner,53.57
Office Supplies,Storage,Adjustable Personal File Tote,53.4
Technology,Accessories,Memorex Mini Travel Drive 8 GB USB 2.0 Flash Drive,53.26
Office Supplies,Appliances,Eureka Sanitaire  Commercial Upright,53.03
Office Supplies,Labels,Self-Adhesive Removable Labels,52.92
Office Supplies,Paper,Xerox 204,52.87
Furniture,Furnishings,"Eldon Stackable Tray, Side-Load, Legal, Smoke",52.83
Technology,Accessories,Sony 32GB Class 10 Micro SDHC R40 Memory Card,52.8
Technology,Accessories,Cherry 142-key Programmable Keyboard,52.77
Furniture,Furnishings,"DAX Value U-Channel Document Frames, Easel Back",52.47
Furniture,Furnishings,"DAX Cubicle Frames, 8-1/2 x 11",52.46
Office Supplies,Binders,"GBC Pre-Punched Binding Paper, Plastic, White, 8-1/2"" x 11""",52.43
Technology,Accessories,Logitech M510 Wireless Mouse,52.39
Office Supplies,Envelopes,"Manila Recycled Extra-Heavyweight Clasp Envelopes, 6"" x 9""",52.37
Technology,Phones,PowerGen Dual USB Car Charger,52.36
Office Supplies,Paper,Xerox 4200 Series MultiUse Premium Copy Paper (20Lb. and 84 Bright),52.28
Office Supplies,Envelopes,#10 Self-Seal White Envelopes,52.12
Office Supplies,Storage,"Letter/Legal File Tote with Clear Snap-On Lid, Black Granite",52.04
Office Supplies,Paper,"Message Book, Phone, Wirebound Standard Line Memo, 2 3/4"" X 5""",52.01
Office Supplies,Labels,Avery 519,51.61
Office Supplies,Labels,Avery 516,51.54
Office Supplies,Storage,File Shuttle I and Handi-File,51.41
Furniture,Furnishings,"Tenex V2T-RE Standard Weight Series Chair Mat, 45"" x 53"", Lip 25"" x 12""",51.1
Office Supplies,Storage,"Stur-D-Stor Shelving, Vertical 5-Shelf: 72""H x 36""W x 18 1/2""D",51.06
Office Supplies,Storage,Hanging Personal Folder File,51.03
Office Supplies,Paper,Xerox 213,50.8
Office Supplies,Binders,"ACCOHIDE 3-Ring Binder, Blue, 1""",50.71
Office Supplies,Appliances,"Fellowes Smart Surge Ten-Outlet Protector, Platinum",50.58
Office Supplies,Binders,Storex Dura Pro Binders,50.55
Technology,Accessories,Logitech Media Keyboard K200,50.39
Technology,Phones,Apple EarPods with Remote and Mic,50.38
Office Supplies,Storage,Fellowes Desktop Hanging File Manager,50.37
Office Supplies,Paper,HP Office Recycled Paper (20Lb. and 87 Bright),50.35
Office Supplies,Binders,"Wilson Jones Clip & Carry Folder Binder Tool for Ring Binders, Clear",50.23
Office Supplies,Binders,JM Magazine Binder,50.19
Office Supplies,Supplies,Acme Galleria Hot Forged Steel Scissors with Colored Handles,49.87
Office Supplies,Art,"Sanford Prismacolor Professional Thick Lead Art Pencils, 36-Color Set",49.8
Office Supplies,Art,Berol Giant Pencil Sharpener,49.78
Technology,Machines,Hewlett-Packard Deskjet 5550 Printer,49.76
Office Supplies,Binders,GBC Premium Transparent Covers with Diagonal Lined Pattern,49.51
Office Supplies,Paper,"Array Parchment Paper, Assorted Colors",49.51
Furniture,Furnishings,"Master Caster Door Stop, Brown",49.39
Office Supplies,Labels,Avery 518,49.14
Furniture,Chairs,Global Highback Leather Tilter in Burgundy,49.13
Office Supplies,Paper,Xerox 1928,49.1
Office Supplies,Paper,"Wirebound Message Books, Two 4 1/4"" x 5"" Forms per Page",49.09
Office Supplies,Storage,Fellowes Recycled Storage Drawers,48.85
Office Supplies,Labels,Avery File Folder Labels,48.84
Furniture,Furnishings,"DAX Charcoal/Nickel-Tone Document Frame, 5 x 7",48.82
Office Supplies,Appliances,"Holmes Cool Mist Humidifier for the Whole House with 8-Gallon Output per Day, Extended Life Filter",48.77
Furniture,Bookcases,"Bush Cubix Collection Bookcases, Fully Assembled",48.62
Office Supplies,Art,Sanford Liquid Accent Highlighters,48.62
Office Supplies,Paper,"Ink Jet Note and Greeting Cards, 8-1/2"" x 5-1/2"" Card Size",48.55
Office Supplies,Binders,Wilson Jones Legal Size Ring Binders,48.38
Technology,Machines,"HP Officejet Pro 8600 e-All-In-One Printer, Copier, Scanner, Fax",48
Office Supplies,Appliances,"Holmes Replacement Filter for HEPA Air Cleaner, Large Room",47.99
Office Supplies,Paper,Xerox 1971,47.93
Office Supplies,Storage,Iris Project Case,47.88
Office Supplies,Binders,Avery Binding System Hidden Tab Executive Style Index Sets,47.86
Furniture,Furnishings,C-Line Cubicle Keepers Polyproplyene Holder With Velcro Backings,47.72
Office Supplies,Paper,Xerox 1995,47.69
Furniture,Furnishings,"Eldon 400 Class Desk Accessories, Black Carbon",47.61
Office Supplies,Paper,"Wirebound Four 2-3/4 x 5 Forms per Page, 400 Sets per Book",47.59
Furniture,Chairs,Office Star - Task Chair with Contemporary Loop Arms,47.31
Technology,Accessories,Logitech K350 2.4Ghz Wireless Keyboard,47.27
Office Supplies,Paper,"Wirebound Message Books, Four 2 3/4 x 5 Forms per Page, 200 Sets per Book",47.22
Office Supplies,Paper,"Ampad Gold Fibre Wirebound Steno Books, 6"" x 9"", Gregg Ruled",47.19
Office Supplies,Paper,Xerox Blank Computer Paper,46.95
Office Supplies,Paper,Xerox 219,46.65
Office Supplies,Paper,Xerox 228,46.65
Furniture,Furnishings,"Eldon Expressions Wood and Plastic Desk Accessories, Cherry Wood",46.56
Office Supplies,Paper,Xerox 227,46.4
Furniture,Furnishings,Eldon Antistatic Chair Mats for Low to Medium Pile Carpets,46.33
Office Supplies,Paper,Xerox 201,46.14
Office Supplies,Paper,"Eureka Recycled Copy Paper 8 1/2"" x 11"", Ream",46.13
Office Supplies,Binders,Cardinal Slant-D Ring Binders,46.06
Technology,Phones,Griffin GC17055 Auxiliary Audio Cable,46.06
Technology,Phones,Grandstream GXP2100 Mainstream Business Phone,45.9
Technology,Phones,Spigen Samsung Galaxy S5 Case Wallet,45.88
Office Supplies,Supplies,"Fiskars 8"" Scissors, 2/Pack",45.86
Office Supplies,Paper,Xerox 1987,45.31
Office Supplies,Paper,"Wirebound Message Books, 2 7/8"" x 5"", 3 Forms per Page",44.99
Technology,Machines,Wasp CCD Handheld Bar Code Reader,44.87
Office Supplies,Storage,"Tenex Personal Self-Stacking Standard File Box, Black/Gray",44.82
Office Supplies,Storage,Staple magnet,44.8
Furniture,Furnishings,Longer-Life Soft White Bulbs,44.74
Furniture,Furnishings,"Eldon 200 Class Desk Accessories, Burgundy",44.58
Office Supplies,Art,Boston 1730 StandUp Electric Pencil Sharpener,44.48
Technology,Phones,Panasonic KX TS3282B Corded phone,44.28
Office Supplies,Storage,Project Tote Personal File,44.2
Furniture,Furnishings,Westinghouse Clip-On Gooseneck Lamps,44.19
Furniture,Chairs,"Global Stack Chair without Arms, Black",44.17
Office Supplies,Paper,Xerox 1900,44.08
Office Supplies,Paper,"Rediform Wirebound ""Phone Memo"" Message Book, 11 x 5-3/4",43.77
Office Supplies,Art,"BIC Brite Liner Grip Highlighters, Assorted, 5/Pack",43.72
Office Supplies,Appliances,Fellowes 8 Outlet Superior Workstation Surge Protector w/o Phone/Fax/Modem Protection,43.71
Office Supplies,Paper,Xerox 1962,43.65
Office Supplies,Binders,Avery Non-Stick Binders,43.56
Office Supplies,Paper,Xerox 21,43.54
Office Supplies,Paper,Xerox 1970,43.51
Office Supplies,Binders,Avery Metallic Poly Binders,43.43
Office Supplies,Paper,Xerox 1949,43.43
Office Supplies,Labels,Avery 478,43.31
Office Supplies,Fasteners,"Advantus Push Pins, Aluminum Head",43.23
Technology,Machines,"Canon Color ImageCLASS MF8580Cdw Wireless Laser All-In-One Printer, Copier, Scanner",43.2
Technology,Accessories,Logitech G13 Programmable Gameboard with LCD Display,43.19
Office Supplies,Labels,Avery 481,43.12
Technology,Phones,Cisco SPA525G2 IP Phone - Wireless,43.08
Office Supplies,Art,"Dixon Prang Watercolor Pencils, 10-Color Set with Brush",42.9
Office Supplies,Art,Stanley Bostitch Contemporary Electric Pencil Sharpeners,42.79
Furniture,Furnishings,"Master Big Foot Doorstop, Beige",42.77
Office Supplies,Labels,Avery 495,42.58
Technology,Accessories,Logitech Desktop MK120 Mouse and keyboard Combo,42.56
Office Supplies,Labels,Avery 480,42.45
Technology,Accessories,Memorex Froggy Flash Drive 4 GB,42.42
Office Supplies,Binders,Avery Printable Repositionable Plastic Tabs,42.3
Furniture,Furnishings,"Master Caster Door Stop, Large Neon Orange",42.29
Furniture,Furnishings,"GE 4 Foot Flourescent Tube, 40 Watt",42.24
Office Supplies,Binders,"DXL Angle-View Binders with Locking Rings, Black",42.04
Technology,Accessories,"Verbatim 25 GB 6x Blu-ray Single Layer Recordable Disc, 10/Pack",41.95
Furniture,Furnishings,"Eldon Expressions Wood and Plastic Desk Accessories, Oak",41.92
Furniture,Furnishings,"Linden 10"" Round Wall Clock, Black",41.88
Technology,Phones,"LF Elite 3D Dazzle Designer Hard Case Cover, Lf Stylus Pen and Wiper For Apple Iphone 5c Mini Lite",41.85
Office Supplies,Labels,Avery White Multi-Purpose Labels,41.83
Office Supplies,Appliances,Fellowes Advanced 8 Outlet Surge Suppressor with Phone/Fax Protection,41.64
Office Supplies,Binders,GBC Wire Binding Combs,41.58
Office Supplies,Appliances,Holmes HEPA Air Purifier,41.38
Office Supplies,Labels,Avery 51,41.31
Office Supplies,Paper,Xerox 1999,41.2
Office Supplies,Binders,Aluminum Screw Posts,41.19
Furniture,Chairs,Global Commerce Series Low-Back Swivel/Tilt Chairs,41.11
Office Supplies,Paper,Xerox 211,40.96
Office Supplies,Paper,Xerox 1956,40.9
Office Supplies,Paper,"Telephone Message Books with Fax/Mobile Section, 5 1/2"" x 3 3/16""",40.76
Office Supplies,Paper,Xerox 1920,40.37
Office Supplies,Paper,Xerox 1986,40.35
Technology,Phones,Classic Ivory Antique Telephone ZL1810,40.19
Office Supplies,Binders,GBC Imprintable Covers,39.96
Office Supplies,Binders,Recycled Premium Regency Composition Covers,39.88
Office Supplies,Storage,Acco Perma 3000 Stacking Storage Drawers,39.84
Office Supplies,Labels,Avery 508,39.82
Furniture,Furnishings,Eldon Econocleat Chair Mats for Low Pile Carpets,39.81
Furniture,Furnishings,"DAX Copper Panel Document Frame, 5 x 7 Size",39.75
Office Supplies,Paper,Xerox 1957,39.73
Office Supplies,Labels,Avery 48,39.68
Office Supplies,Paper,"TOPS Money Receipt Book, Consecutively Numbered in Red,",39.65
Office Supplies,Storage,Super Decoflex Portable Personal File,39.55
Office Supplies,Envelopes,"Redi-Strip #10 Envelopes, 4 1/8 x 9 1/2",39.52
Office Supplies,Paper,Xerox 196,39.41
Office Supplies,Binders,Lock-Up Easel 'Spel-Binder',39.37
Office Supplies,Paper,Xerox 1923,39.28
Furniture,Furnishings,Eldon 200 Class Desk Accessories,39.19
Office Supplies,Paper,Xerox 1967,38.87
Office Supplies,Art,Prang Colored Pencils,38.84
Office Supplies,Binders,Cardinal Holdit Data Disk Pockets,38.73
Furniture,Furnishings,"Westinghouse Floor Lamp with Metal Mesh Shade, Black",38.63
Office Supplies,Paper,Xerox 224,38.62
Office Supplies,Paper,HP Office Paper (20Lb. and 87 Bright),38.21
Furniture,Furnishings,Tensor Track Tree Floor Lamp,38.19
Office Supplies,Paper,Xerox 193,38.09
Technology,Accessories,SanDisk Ultra 32 GB MicroSDHC Class 10 Memory Card,38.02
Technology,Accessories,SanDisk Ultra 64 GB MicroSDHC Class 10 Memory Card,37.97
Office Supplies,Paper,Avery Personal Creations Heavyweight Cards,37.85
Office Supplies,Binders,"Avery Flip-Chart Easel Binder, Black",37.82
Office Supplies,Binders,"Avery Durable Plastic 1"" Binders",37.5
Office Supplies,Appliances,Harmony HEPA Quiet Air Purifiers,37.45
Technology,Accessories,Memorex Micro Travel Drive 4 GB,37.42
Furniture,Furnishings,Ultra Door Push Plate,37.41
Office Supplies,Supplies,"Elite 5"" Scissors",37.2
Office Supplies,Paper,"TOPS 4 x 6 Fluorescent Color Memo Sheets, 500 Sheets per Pack",37.11
Office Supplies,Paper,Xerox 2000,37.06
Office Supplies,Binders,Wilson Jones Active Use Binders,37.04
Furniture,Furnishings,Deflect-O Glasstique Clear Desk Accessories,37.03
Office Supplies,Supplies,Acme Tagit Stainless Steel Antibacterial Scissors,37.03
Technology,Machines,Ricoh - Ink Collector Unit for GX3000 Series Printers,36.91
Technology,Phones,KLD Oscar II Style Snap-on Ultra Thin Side Flip Synthetic Leather Cover Case for HTC One HTC M7,36.65
Office Supplies,Art,Newell Chalk Holder,36.59
Office Supplies,Envelopes,Fashion Color Clasp Envelopes,36.52
Technology,Phones,RCA ViSYS 25425RE1 Corded phone,36.45
Office Supplies,Paper,"Memo Book, 100 Message Capacity, 5 3/8” x 11”",36.4
Office Supplies,Paper,Southworth Structures Collection,36.4
Furniture,Furnishings,3M Hangers With Command Adhesive,36
Office Supplies,Labels,Avery 487,35.97
Office Supplies,Storage,"Personal Folder Holder, Ebony",35.87
Office Supplies,Fasteners,OIC Bulk Pack Metal Binder Clips,35.59
Furniture,Furnishings,Nu-Dell Oak Frame,35.45
Office Supplies,Labels,Avery 512,35.36
Office Supplies,Binders,"Angle-D Binders with Locking Rings, Label Holders",35.33
Office Supplies,Appliances,Hoover Commercial SteamVac,35.31
Office Supplies,Binders,Wilson Jones 14 Line Acrylic Coated Pressboard Data Binders,35.3
Office Supplies,Paper,Xerox 1946,35.25
Office Supplies,Paper,Xerox 210,35.25
Technology,Accessories,Sony Micro Vault Click 4 GB USB 2.0 Flash Drive,35.13
Office Supplies,Paper,Xerox 229,34.99
Technology,Machines,Lexmark S315 Color Inkjet Printer,34.99
Office Supplies,Binders,"Acco Pressboard Covers with Storage Hooks, 9 1/2"" x 11"", Executive Red",34.9
Office Supplies,Art,Newell 309,34.67
Office Supplies,Art,Newell 312,34.46
Office Supplies,Labels,Avery 513,34.46
Office Supplies,Labels,Avery 474,34.27
Office Supplies,Art,"Quartet Omega Colored Chalk, 12/Pack",34.16
Office Supplies,Art,Avery Hi-Liter Smear-Safe Highlighters,34.11
Furniture,Tables,Safco Drafting Table,34.06
Office Supplies,Art,Newell 315,33.81
Technology,Accessories,WD My Passport Ultra 1TB Portable External Hard Drive,33.81
Office Supplies,Paper,Xerox 200,33.69
Office Supplies,Paper,Xerox 198,33.47
Office Supplies,Paper,Xerox 221,33.18
Office Supplies,Supplies,Acme Softgrip Scissors,33.13
Technology,Accessories,Anker Ultrathin Bluetooth Wireless Keyboard Aluminum Cover with Stand,32.99
Office Supplies,Art,50 Colored Long Pencils,32.91
Office Supplies,Paper,"Adams Telephone Message Books, 5 1/4” x 11”",32.91
Office Supplies,Paper,Xerox 1902,32.89
Office Supplies,Art,Crayola Colored Pencils,32.81
Furniture,Furnishings,Acrylic Self-Standing Desk Frames,32.73
Office Supplies,Paper,Xerox 1994,32.65
Office Supplies,Labels,Avery 483,32.56
Technology,Accessories,AmazonBasics 3-Button USB Wired Mouse,32.29
Office Supplies,Labels,Smead Alpha-Z Color-Coded Name Labels First Letter Starter Set,32.25
Office Supplies,Paper,Xerox 1954,32.21
Office Supplies,Paper,Xerox 231,31.88
Office Supplies,Paper,"TOPS ""Important Message"" Pads, Canary, 4-1/4 x 5-1/2, 50 Sheets per Pad",31.63
Furniture,Furnishings,"Master Giant Foot Doorstop, Safety Yellow",31.57
Office Supplies,Labels,Avery 49,31.56
Office Supplies,Labels,Avery 52,31.47
Office Supplies,Paper,"Snap-A-Way Black Print Carbonless Speed Message, No Reply Area, Duplicate",31.47
Office Supplies,Envelopes,Pastel Pink Envelopes,31.44
Office Supplies,Binders,"GBC White Gloss Covers, Plain Front",31.42
Office Supplies,Paper,"Adams ""While You Were Out"" Message Pads",31.41
Office Supplies,Storage,Crate-A-Files,31.38
Office Supplies,Paper,"Wirebound Message Books, 5-1/2 x 4 Forms, 2 or 4 Forms per Page",31.31
Office Supplies,Art,BIC Brite Liner Highlighters,30.89
Office Supplies,Binders,Avery Non-Stick Heavy Duty View Round Locking Ring Binders,30.85
Office Supplies,Binders,Wilson Jones “Snap” Scratch Pad Binder Tool for Ring Binders,30.74
Office Supplies,Paper,Southworth Parchment Paper & Envelopes,30.74
Office Supplies,Art,"BIC Brite Liner Highlighters, Chisel Tip",30.59
Furniture,Furnishings,"Linden 12"" Wall Clock With Oak Frame",30.58
Office Supplies,Paper,Xerox 1975,30.33
Office Supplies,Art,Newell 347,30.32
Office Supplies,Fasteners,"Acco Clips to Go Binder Clips, 24 Clips in Two Sizes",30.29
Office Supplies,Paper,Xerox 1981,30.09
Office Supplies,Storage,Acco Perma 4000 Stacking Storage Drawers,30.04
Technology,Accessories,Dell Slim USB Multimedia Keyboard,30
Office Supplies,Paper,Avoid Verbal Orders Carbonless Minifold Book,29.94
Office Supplies,Paper,Things To Do Today Spiral Book,29.86
Office Supplies,Art,Newell 325,29.74
Office Supplies,Binders,Avery Heavy-Duty EZD View Binder with Locking Rings,29.72
Technology,Phones,QVS USB Car Charger 2-Port 2.1Amp for iPod/iPhone/iPad/iPad 2/iPad 3,29.55
Office Supplies,Paper,"Geographics Note Cards, Blank, White, 8 1/2"" x 11""",29.54
Furniture,Furnishings,"Contract Clock, 14"", Brown",29.47
Office Supplies,Labels,Avery 515,29.45
Office Supplies,Binders,Avery Premier Heavy-Duty Binder with Round Locking Rings,29.41
Technology,Accessories,"Perixx PERIBOARD-512B, Ergonomic Split Keyboard",29.4
Office Supplies,Envelopes,Poly String Tie Envelopes,29.33
Office Supplies,Paper,Tops Wirebound Message Log Books,29.29
Office Supplies,Envelopes,Park Ridge Embossed Executive Business Envelopes,29.27
Office Supplies,Binders,Avery Heavy-Duty EZD  Binder With Locking Rings,29.24
Technology,Accessories,Sabrent 4-Port USB 2.0 Hub,29.2
Office Supplies,Appliances,Belkin 6 Outlet Metallic Surge Strip,28.74
Office Supplies,Paper,"Post-it “Important Message” Note Pad, Neon Colors, 50 Sheets/Pad",28.54
Office Supplies,Art,"Eberhard Faber 3 1/2"" Golf Pencils",28.27
Furniture,Furnishings,"Seth Thomas 16"" Steel Case Clock",28.26
Office Supplies,Labels,Avery 506,28.17
Office Supplies,Paper,Xerox 1899,28.07
Furniture,Furnishings,Magna Visual Magnetic Picture Hangers,28.06
Office Supplies,Paper,Xerox 223,27.99
Office Supplies,Art,Manco Dry-Lighter Erasable Highlighter,27.97
Office Supplies,Paper,Xerox 1963,27.72
Furniture,Furnishings,DAX Clear Channel Poster Frame,27.7
Furniture,Furnishings,"Ultra Door Kickplate, 8""H x 34""W",27.7
Office Supplies,Labels,Avery 500,27.48
Office Supplies,Supplies,Fiskars Home & Office Scissors,27.35
Technology,Phones,Seidio BD2-HK3IPH5-BK DILEX Case and Holster Combo for Apple iPhone 5/5s - Black,27.29
Furniture,Bookcases,O'Sullivan Cherrywood Estates Traditional Bookcase,27.2
Office Supplies,Paper,Xerox 1897,27.09
Office Supplies,Art,Prang Drawing Pencil Set,27.06
Office Supplies,Binders,Wilson Jones Standard D-Ring Binders,26.91
Office Supplies,Paper,Xerox 1974,26.91
Office Supplies,Art,"Binney & Smith Crayola Metallic Colored Pencils, 8-Color Set",26.85
Office Supplies,Art,Newell 341,26.83
Office Supplies,Art,DIXON Ticonderoga Erasable Checking Pencils,26.78
Furniture,Furnishings,OIC Stacking Trays,26.72
Office Supplies,Envelopes,Peel & Seel Envelopes,26.53
Office Supplies,Binders,Cardinal EasyOpen D-Ring Binders,26.5
Office Supplies,Supplies,Acme Preferred Stainless Steel Scissors,26.36
Office Supplies,Art,Panasonic KP-350BK Electric Pencil Sharpener with Auto Stop,26.28
Furniture,Furnishings,"6"" Cubicle Wall Clock, Black",26.22
Office Supplies,Supplies,Acme Office Executive Series Stainless Steel Trimmers,26.22
Furniture,Furnishings,"DAX Metal Frame, Desktop, Stepped-Edge",26.11
Furniture,Chairs,Global Enterprise Series Seating Low-Back Swivel/Tilt Chairs,25.9
Office Supplies,Paper,Array Memo Cubes,25.84
Office Supplies,Envelopes,Ampad #10 Peel & Seel Holiday Envelopes,25.8
Furniture,Furnishings,G.E. Longer-Life Indoor Recessed Floodlight Bulbs,25.76
Office Supplies,Paper,Spiral Phone Message Books with Labels by Adams,25.76
Office Supplies,Paper,Xerox 1965,25.71
Office Supplies,Binders,Wilson Jones Leather-Like Binders with DublLock Round Rings,25.49
Office Supplies,Fasteners,Acco Hot Clips Clips to Go,25.49
Furniture,Furnishings,Advantus Panel Wall Acrylic Frame,25.15
Office Supplies,Envelopes,#6 3/4 Gummed Flap White Envelopes,24.94
Office Supplies,Fasteners,Ideal Clamps,24.85
Technology,Accessories,"Memorex 25GB 6X Branded Blu-Ray Recordable Disc, 15/Pack",24.81
Office Supplies,Paper,Xerox 1924,24.75
Technology,Accessories,KeyTronic KT400U2 - Keyboard - Black,24.67
Office Supplies,Art,"Crayola Anti Dust Chalk, 12/Pack",24.66
Office Supplies,Labels,Avery 511,24.64
Office Supplies,Binders,Presstex Flexible Ring Binders,24.58
Technology,Machines,"Vtech AT&T CL2940 Corded Speakerphone, Black",24.29
Furniture,Bookcases,"Sauder Camden County Barrister Bookcase, Planked Cherry Finish",24.19
Office Supplies,Storage,Space Solutions HD Industrial Steel Shelving.,24.16
Furniture,Bookcases,Bush Mission Pointe Library,24.15
Office Supplies,Paper,"Message Book, Standard Line ""While You Were Out"", 5 1/2"" X 4"", 200 Sets/Book",24.14
Office Supplies,Envelopes,Convenience Packs of Business Envelopes,24.1
Office Supplies,Paper,Xerox 208,24.1
Office Supplies,Supplies,Staple remover,24.08
Office Supplies,Supplies,Acme Design Stainless Steel Bent Scissors,24
Office Supplies,Binders,Tuff Stuff Recycled Round Ring Binders,23.97
Office Supplies,Labels,Avery 494,23.96
Office Supplies,Paper,Xerox 206,23.84
Office Supplies,Art,"Sanford Colorific Colored Pencils, 12/Box",23.78
Office Supplies,Binders,Wilson Jones Impact Binders,23.72
Office Supplies,Art,Newell 31,23.63
Furniture,Furnishings,"C-Line Cubicle Keepers Polyproplyene Holder w/Velcro Back, 8-1/2x11, 25/Bx",23.54
Office Supplies,Labels,Avery 493,23.43
Furniture,Furnishings,Eldon Expressions Mahogany Wood Desk Collection,23.4
Office Supplies,Labels,Avery 501,23.4
Furniture,Furnishings,"Executive Impressions 12"" Wall Clock",23.33
Office Supplies,Art,Newell 35,23.29
Technology,Accessories,Imation 8gb Micro Traveldrive Usb 2.0 Flash Drive,23.25
Technology,Phones,Anker 36W 4-Port USB Wall Charger Travel Power Adapter for iPhone 5s 5c 5,23.2
Office Supplies,Labels,Avery 488,23.17
Office Supplies,Paper,Xerox 1950,23.17
Office Supplies,Envelopes,"Recycled Interoffice Envelopes with Re-Use-A-Seal Closure, 10 x 13",23.05
Office Supplies,Appliances,Acco 6 Outlet Guardian Standard Surge Suppressor,22.97
Office Supplies,Labels,Avery 496,22.95
Office Supplies,Binders,Pressboard Data Binders by Wilson Jones,22.91
Furniture,Furnishings,G.E. Halogen Desk Lamp Bulbs,22.89
Office Supplies,Binders,Cardinal Holdit Business Card Pockets,22.89
Office Supplies,Labels,Avery 514,22.85
Office Supplies,Envelopes,Wausau Papers Astrobrights Colored Envelopes,22.78
Office Supplies,Paper,"1/4 Fold Party Design Invitations & White Envelopes, 24 8-1/2"" X 11"" Cards, 25 Env./Pack",22.71
Office Supplies,Paper,Xerox 1927,22.69
Technology,Phones,Pyle PRT45 Retro Home Telephone,22.68
Office Supplies,Art,Bulldog Table or Wall-Mount Pencil Sharpener,22.59
Office Supplies,Paper,Xerox 1896,22.48
Office Supplies,Paper,"Important Message Pads, 50 4-1/4 x 5-1/2 Forms per Pad",22.47
Office Supplies,Labels,Avery 492,22.46
Office Supplies,Art,Fluorescent Highlighters by Dixon,22.45
Technology,Accessories,Lenovo 17-Key USB Numeric Keypad,22.44
Office Supplies,Labels,Smead Alpha-Z Color-Coded Second Alphabetical Labels and Starter Set,22.43
Office Supplies,Paper,Xerox 218,22.28
Office Supplies,Art,Newell 351,22.1
Furniture,Furnishings,"Westinghouse Mesh Shade Clip-On Gooseneck Lamp, Black",22.06
Office Supplies,Labels,Avery 520,22.04
Office Supplies,Paper,"Telephone Message Books with Fax/Mobile Section, 4 1/4"" x 6""",21.96
Office Supplies,Binders,Avery Hanging File Binders,21.87
Office Supplies,Binders,Fellowes Presentation Covers for Comb Binding Machines,21.82
Office Supplies,Paper,Xerox 215,21.77
Furniture,Furnishings,"Eldon Expressions Punched Metal & Wood Desk Accessories, Pewter & Cherry",21.71
Office Supplies,Binders,Recycled Easel Ring Binders,21.64
Office Supplies,Paper,EcoTones Memo Sheets,21.6
Technology,Accessories,Logitech VX Revolution Cordless Laser Mouse for Notebooks (Black),21.59
Office Supplies,Binders,Ibico Plastic and Wire Spiral Binding Combs,21.58
Office Supplies,Labels,Staple-on labels,21.58
Office Supplies,Storage,Akro-Mils 12-Gallon Tote,21.55
Furniture,Furnishings,"Executive Impressions 13-1/2"" Indoor/Outdoor Wall Clock",21.32
Office Supplies,Supplies,Acme Elite Stainless Steel Scissors,21.02
Office Supplies,Storage,2300 Heavy-Duty Transfer File Systems by Perma,20.98
Technology,Accessories,Microsoft Natural Keyboard Elite,20.96
Office Supplies,Appliances,"Bravo II Megaboss 12-Amp Hard Body Upright, Replacement Belts, 2 Belts per Pack",20.84
Office Supplies,Paper,"Black Print Carbonless 8 1/2"" x 8 1/4"" Rapid Memo Book",20.83
Furniture,Furnishings,DAX Cubicle Frames - 8x10,20.76
Office Supplies,Art,Zebra Zazzle Fluorescent Highlighters,20.65
Furniture,Furnishings,"Eldon Expressions Punched Metal & Wood Desk Accessories, Black & Cherry",20.63
Office Supplies,Fasteners,Advantus Map Pennant Flags and Round Head Tacks,20.55
Office Supplies,Supplies,Acme Value Line Scissors,20.46
Office Supplies,Paper,"TOPS Voice Message Log Book, Flash Format",20.37
Office Supplies,Supplies,Acme Titanium Bonded Scissors,20.23
Office Supplies,Fasteners,Advantus Push Pins,20.22
Office Supplies,Fasteners,Stockwell Push Pins,20.12
Office Supplies,Art,"Dixon Ticonderoga Erasable Colored Pencil Set, 12-Color",20.09
Office Supplies,Fasteners,Advantus T-Pin Paper Clips,20.02
Office Supplies,Fasteners,Advantus SlideClip Paper Clips,19.77
Office Supplies,Art,Newell 328,19.74
Office Supplies,Binders,"Acco PRESSTEX Data Binder with Storage Hooks, Light Blue, 9 1/2"" X 11""",19.69
Office Supplies,Paper,Xerox 199,19.69
Furniture,Bookcases,DMI Eclipse Executive Suite Bookcases,19.67
Office Supplies,Art,"Premium Writing Pencils, Soft, #2 by Central Association for the Blind",19.44
Office Supplies,Binders,ACCOHIDE Binder by Acco,19.29
Office Supplies,Art,Boston 16701 Slimline Battery Pencil Sharpener,19.13
Office Supplies,Envelopes,Colored Envelopes,19.04
Office Supplies,Labels,Permanent Self-Adhesive File Folder Labels for Typewriters by Universal,18.99
Office Supplies,Binders,Flexible Leather- Look Classic Collection Ring Binder,18.93
Office Supplies,Labels,Avery 517,18.85
Office Supplies,Art,Newell 333,18.84
Office Supplies,Paper,Xerox 1953,18.84
Office Supplies,Art,Prang Dustless Chalk Sticks,18.81
Office Supplies,Paper,"While You Were Out Pads, 50 per Pad, 4 x 5 1/4, Green Cycle",18.79
Office Supplies,Labels,Avery 491,18.67
Office Supplies,Binders,GBC VeloBind Cover Sets,18.53
Furniture,Furnishings,"Executive Impressions 8-1/2"" Career Panel/Partition Cubicle Clock",18.51
Office Supplies,Binders,"Acco Pressboard Covers with Storage Hooks, 14 7/8"" x 11"", Light Blue",18.44
Office Supplies,Binders,"GBC Laser Imprintable Binding System Covers, Desert Sand",18.4
Office Supplies,Art,Nontoxic Chalk,18.23
Office Supplies,Binders,Prestige Round Ring Binders,18.04
Office Supplies,Fasteners,"Acco Banker's Clasps, 5 3/4""-Long",17.99
Technology,Phones,Griffin GC36547 PowerJolt SE Lightning Charger,17.99
Technology,Phones,Samsung Replacement EH64AVFWE Premium Headset,17.89
Office Supplies,Art,Newell 314,17.87
Office Supplies,Art,"Sanford Colorific Eraseable Coloring Pencils, 12 Count",17.87
Office Supplies,Art,"Boston 1827 Commercial Additional Cutter, Drive Gear & Gear Rack for 1606",17.85
Office Supplies,Appliances,Belkin 7 Outlet SurgeMaster Surge Protector with Phone Protection,17.77
Technology,Accessories,Imation Swivel Flash Drive USB flash drive - 8 GB,17.63
Office Supplies,Art,Barrel Sharpener,17.62
Office Supplies,Appliances,Bionaire 99.97% HEPA Air Cleaner,17.52
Technology,Phones,iHome FM Clock Radio with Lightning Dock,17.5
Office Supplies,Paper,Xerox 1921,17.49
Technology,Phones,PayAnywhere Card Reader,17.48
Furniture,Furnishings,"Eldon Delta Triangular Chair Mat, 52"" x 58"", Clear",17.45
Office Supplies,Paper,Xerox 1972,17.42
Furniture,Furnishings,Stackable Trays,17.13
Furniture,Furnishings,Eldon Image Series Black Desk Accessories,17.05
Office Supplies,Art,"Dixon My First Ticonderoga Pencil, #2",17.03
Office Supplies,Storage,"Perma STOR-ALL Hanging File Box, 13 1/8""W x 12 1/4""D x 10 1/2""H",16.8
Office Supplies,Envelopes,"#10 Gummed Flap White Envelopes, 100/Box",16.77
Office Supplies,Binders,3-ring staple pack,16.69
Office Supplies,Paper,Xerox 207,16.59
Office Supplies,Paper,Xerox 1926,16.38
Office Supplies,Paper,"Adams Write n' Stick Phone Message Book, 11"" X 5 1/4"", 200 Messages",16.37
Office Supplies,Paper,Xerox 1998,16.33
Office Supplies,Art,Boston 16765 Mini Stand Up Battery Pencil Sharpener,16.32
Office Supplies,Binders,Acco Translucent Poly Ring Binders,16.28
Technology,Accessories,Kingston Digital DataTraveler 64GB USB 2.0,16.22
Technology,Accessories,"Verbatim Slim CD and DVD Storage Cases, 50/Pack",16.15
Technology,Accessories,Belkin QODE FastFit Bluetooth Keyboard,16.1
Furniture,Furnishings,Document Clip Frames,16.01
Technology,Phones,Cisco SPA 501G IP Phone,16.01
Office Supplies,Art,"Hunt BOSTON Vista Battery-Operated Pencil Sharpener, Black",15.86
Technology,Accessories,First Data FD10 PIN Pad,15.8
Office Supplies,Art,Newell 350,15.74
Office Supplies,Paper,"Ampad Poly Cover Wirebound Steno Book, 6"" x 9"" Assorted Colors, Gregg Ruled",15.67
Office Supplies,Art,Rogers Handheld Barrel Pencil Sharpener,15.63
Office Supplies,Binders,"Black Avery Memo-Size 3-Ring Binder, 5 1/2"" x 8 1/2""",15.56
Office Supplies,Paper,Xerox 1958,15.55
Office Supplies,Art,Newell 332,15.53
Office Supplies,Binders,Wilson Jones DublLock D-Ring Binders,15.53
Office Supplies,Paper,Xerox 1980,15.41
Furniture,Furnishings,Dax Clear Box Frame,15.37
Furniture,Tables,"Barricks Non-Folding Utility Table with Steel Legs, Laminate Tops",15.35
Office Supplies,Labels,Avery 498,15.35
Office Supplies,Fasteners,Binder Clips by OIC,15.33
Office Supplies,Binders,Wilson Jones data.warehouse D-Ring Binders with DublLock,15.31
Furniture,Furnishings,Regeneration Desk Collection,15.21
Furniture,Chairs,Global Chrome Stack Chair,15.09
Office Supplies,Binders,"C-Line Peel & Stick Add-On Filing Pockets, 8-3/4 x 5-1/8, 10/Pack",15.09
Office Supplies,Binders,Durable Pressboard Binders,15.09
Office Supplies,Paper,Hammermill CopyPlus Copy Paper (20Lb. and 84 Bright),15.09
Office Supplies,Binders,Ibico Presentation Index for Binding Systems,15.07
Furniture,Bookcases,"Atlantic Metals Mobile 5-Shelf Bookcases, Custom Colors",15.05
Office Supplies,Envelopes,Letter or Legal Size Expandable Poly String Tie Envelopes,15.01
Technology,Phones,JBL Micro Wireless Portable Bluetooth Speaker,14.99
Technology,Accessories,SanDisk Cruzer 16 GB USB Flash Drive,14.93
Furniture,Chairs,SAFCO Optional Arm Kit for Workspace Cribbage Stacking Chair,14.91
Office Supplies,Binders,Avery Hole Reinforcements,14.84
Office Supplies,Binders,Avery Poly Binder Pockets,14.77
Office Supplies,Paper,Xerox 1983,14.65
Office Supplies,Art,Newell 331,14.62
Office Supplies,Art,"Sanford Colorific Scented Colored Pencils, 12/Pack",14.59
Furniture,Furnishings,"Master Caster Door Stop, Large Brown",14.56
Furniture,Furnishings,"GE General Purpose, Extra Long Life, Showcase & Floodlight Incandescent Bulbs",14.55
Office Supplies,Art,Newell 318,14.41
Office Supplies,Art,Newell 321,14.37
Office Supplies,Binders,GBC Durable Plastic Covers,14.31
Office Supplies,Storage,"Safco Wire Cube Shelving System, For Use as 4 or 5 14"" Cubes, Black",14.31
Office Supplies,Paper,"Wirebound Message Forms, Four 2 3/4 x 5 Forms per Page, Pink Paper",14.3
Furniture,Furnishings,"Master Caster Door Stop, Gray",14.22
Office Supplies,Art,American Pencil,14.19
Office Supplies,Art,Faber Castell Col-Erase Pencils,14.08
Technology,Phones,Anker 24W Portable Micro USB Car Charger,14.07
Office Supplies,Labels,Avery 509,14.04
Office Supplies,Paper,Xerox 190,14.04
Technology,Phones,RCA ViSYS 25423RE1 Corded phone,14
Office Supplies,Binders,Avery Durable Binders,13.83
Office Supplies,Art,Newell 336,13.78
Office Supplies,Binders,Recycled Pressboard Report Cover with Reinforced Top Hinge,13.77
Office Supplies,Art,Newell 343,13.76
Furniture,Furnishings,Eldon Pizzaz Desk Accessories,13.73
Office Supplies,Paper,Xerox 1990,13.73
Office Supplies,Binders,"GBC Clear Cover, 8-1/2 x 11, unpunched, 25 covers per pack",13.64
Office Supplies,Binders,"Avery Durable Slant Ring Binders, No Labels",13.6
Office Supplies,Art,"Sanford Uni-Blazer View Highlighters, Chisel Tip, Yellow",13.55
Office Supplies,Paper,Hammermill Color Copier Paper (28Lb. and 96 Bright),13.49
Office Supplies,Art,"Binney & Smith inkTank Desk Highlighter, Chisel Tip, Yellow, 12/Box",13.47
Office Supplies,Supplies,Fiskars Spring-Action Scissors,13.42
Office Supplies,Paper,Southworth 25% Cotton Granite Paper & Envelopes,13.21
Office Supplies,Binders,"Acco Pressboard Covers with Storage Hooks, 14 7/8"" x 11"", Dark Blue",13.18
Office Supplies,Art,Newell 317,13.17
Office Supplies,Art,Boston 16750 Black Compact Battery Pencil Sharpener,13.13
Furniture,Furnishings,"Eldon Regeneration Recycled Desk Accessories, Black",13.12
Furniture,Furnishings,"Eldon 300 Class Desk Accessories, Black",13.07
Office Supplies,Art,Newell 311,13.04
Technology,Phones,"SKILCRAFT Telephone Shoulder Rest, 2"" x 6.5"" x 2.5"", Black",13
Technology,Phones,Belkin Grip Candy Sheer Case / Cover for iPhone 5 and 5S,12.99
Office Supplies,Binders,Wilson Jones International Size A4 Ring Binders,12.81
Office Supplies,Appliances,"Eureka Sanitaire  Multi-Pro Heavy-Duty Upright, Disposable Bags",12.75
Office Supplies,Paper,Xerox 1976,12.7
Office Supplies,Art,Blackstonian Pencils,12.6
Office Supplies,Binders,Cardinal Poly Pocket Divider Pockets for Ring Binders,12.6
Office Supplies,Binders,Avery Durable Slant Ring Binders With Label Holder,12.44
Office Supplies,Supplies,Acme Stainless Steel Office Snips,12.43
Office Supplies,Binders,Avery Round Ring Poly Binders,12.29
Office Supplies,Paper,Rediform Voice Mail Log Books,12.16
Furniture,Chairs,Hon Every-Day Chair Series Swivel Task Chairs,12.1
Office Supplies,Storage,Decoflex Hanging Personal Folder File,12.03
Technology,Accessories,NETGEAR RangeMax WNR1000 Wireless Router,12
Office Supplies,Art,Newell 32,11.99
Office Supplies,Binders,Zipper Ring Binder Pockets,11.73
Technology,Accessories,"Verbatim 25 GB 6x Blu-ray Single Layer Recordable Disc, 1/Pack",11.48
Office Supplies,Binders,Storex DuraTech Recycled Plastic Frosted Binders,11.45
Office Supplies,Appliances,Disposable Triple-Filter Dust Bags,11.36
Office Supplies,Art,Colorific Watercolor Pencils,11.3
Office Supplies,Paper,"Ampad Evidence Wirebond Steno Books, 6"" x 9""",11.29
Office Supplies,Labels,Avery 497,11.21
Technology,Phones,Square Credit Card Reader,11.19
Office Supplies,Supplies,Acme Kleen Earth Office Shears,11.18
Office Supplies,Art,Newell 330,11.11
Office Supplies,Envelopes,Jiffy Padded Mailers with Self-Seal Closure,10.81
Office Supplies,Art,Newell 327,10.74
Office Supplies,Art,"Binney & Smith inkTank Erasable Pocket Highlighter, Chisel Tip, Yellow",10.67
Office Supplies,Art,Turquoise Lead Holder with Pocket Clip,10.58
Office Supplies,Paper,"""While you Were Out"" Message Book, One Form per Page",10.39
Technology,Phones,Jabra SPEAK 410 Multidevice Speakerphone,10.3
Office Supplies,Supplies,"Acme Design Line 8"" Stainless Steel Bent Scissors w/Champagne Handles, 3-1/8"" Cut",10.2
Office Supplies,Appliances,"Holmes Visible Mist Ultrasonic Humidifier with 2.3-Gallon Output per Day, Replacement Filter",10.19
Office Supplies,Binders,3M Organizer Strips,10.16
Furniture,Furnishings,"Eldon Expressions Wood Desk Accessories, Oak",10.11
Technology,Phones,"SmartStand Mobile Device Holder, Assorted Colors",10.06
Office Supplies,Art,Newell 349,10.04
Office Supplies,Art,Newell 335,10.03
Office Supplies,Binders,Avery Binder Labels,9.88
Office Supplies,Binders,Economy Binders,9.81
Office Supplies,Paper,Rediform S.O.S. Phone Message Books,9.76
Office Supplies,Art,Newell 348,9.72
Office Supplies,Art,"Avery Hi-Liter GlideStik Fluorescent Highlighter, Yellow Ink",9.65
Office Supplies,Art,Sanford Pocket Accent Highlighters,9.64
Office Supplies,Fasteners,Acco Glide Clips,9.6
Technology,Accessories,Micro Innovations Wireless Classic Keyboard with Mouse,9.6
Furniture,Furnishings,Ultra Commercial Grade Dual Valve Door Closer,9.57
Office Supplies,Labels,"Avery 05222 Permanent Self-Adhesive File Folder Labels for Typewriters, on Rolls, White, 250/Roll",9.5
Office Supplies,Art,Newell 320,9.47
Office Supplies,Art,Avery Fluorescent Highlighter Four-Color Set,9.34
Furniture,Furnishings,Stacking Trays by OIC,9.32
Office Supplies,Art,Dixon Ticonderoga Pencils,9.27
Office Supplies,Art,"Eldon Spacemaker Box, Quick-Snap Lid, Clear",9.27
Technology,Accessories,Maxell 4.7GB DVD-RW 3/Pack,9.16
Office Supplies,Paper,Xerox 1985,9.07
Office Supplies,Binders,Heavy-Duty E-Z-D Binders,9.04
Office Supplies,Art,Economy #2 Pencils,8.98
Office Supplies,Labels,Self-Adhesive Address Labels for Typewriters with Dispenser Box,8.96
Office Supplies,Art,BIC Brite Liner Grip Highlighters,8.94
Office Supplies,Fasteners,Assorted Color Push Pins,8.92
Furniture,Furnishings,"Eldon Regeneration Recycled Desk Accessories, Smoke",8.91
Technology,Accessories,Imation USB 2.0 Swivel Flash Drive USB flash drive - 4 GB - Pink,8.91
Furniture,Furnishings,Tenex Chairmats For Use With Carpeted Floors,8.8
Technology,Accessories,Imation 8GB Mini TravelDrive USB 2.0 Flash Drive,8.75
Office Supplies,Binders,"Acco Recycled 2"" Capacity Laser Printer Hanging Data Binders",8.67
Office Supplies,Binders,"Universal Recycled Hanging Pressboard Report Binders, Letter Size",8.65
Office Supplies,Labels,Avery 507,8.64
Office Supplies,Art,Newell 346,8.62
Office Supplies,Art,DIXON Oriole Pencils,8.61
Office Supplies,Paper,Loose Memo Sheets,8.58
Office Supplies,Art,Newell 344,8.57
Technology,Accessories,Imation 30456 USB Flash Drive 8GB,8.56
Office Supplies,Binders,GBC Standard Therm-A-Bind Covers,8.5
Office Supplies,Art,Newell 33,8.37
Office Supplies,Paper,Unpadded Memo Slips,8.36
Office Supplies,Art,"Sanford EarthWrite Recycled Pencils, Medium Soft, #2",8.24
Office Supplies,Art,Newell 316,8.22
Office Supplies,Binders,Acco Hanging Data Binders,8.22
Office Supplies,Art,"OIC #2 Pencils, Medium Soft",8.15
Office Supplies,Labels,Avery 510,8.1
Office Supplies,Art,Newell 326,7.87
Office Supplies,Binders,Binder Posts,7.81
Furniture,Furnishings,DAX Wood Document Frame.,7.69
Office Supplies,Fasteners,Colored Push Pins,7.6
Office Supplies,Art,Newell 340,7.52
Office Supplies,Art,Avery Hi-Liter Fluorescent Desk Style Markers,7.5
Office Supplies,Art,Newell 310,7.49
Office Supplies,Art,Col-Erase Pencils with Erasers,7.48
Office Supplies,Supplies,Acme Kleencut Forged Steel Scissors,7.47
Office Supplies,Binders,"Acco Four Pocket Poly Ring Binder with Label Holder, Smoke, 1""",7.45
Office Supplies,Storage,Portfile Personal File Boxes,7.43
Technology,Accessories,Maxell 4.7GB DVD-R 5/Pack,7.37
Office Supplies,Labels,Color-Coded Legal Exhibit Labels,7.22
Office Supplies,Binders,"Pressboard Data Binder, Crimson, 12"" X 8 1/2""",7.16
Office Supplies,Fasteners,"OIC Binder Clips, Mini, 1/4"" Capacity, Black",7.08
Office Supplies,Labels,Avery 479,6.84
Furniture,Furnishings,Tensor Brushed Steel Torchiere Floor Lamp,6.79
Furniture,Furnishings,"Eldon Expressions Desk Accessory, Wood Pencil Holder, Oak",6.75
Office Supplies,Art,"Binney & Smith Crayola Metallic Crayons, 16-Color Pack",6.74
Office Supplies,Art,Newell 322,6.65
Office Supplies,Art,"Stride Job 150 Highlighters, Chisel Tip, Assorted Colors",6.46
Furniture,Furnishings,"Eldon Imàge Series Desk Accessories, Clear",6.36
Office Supplies,Art,Newell 338,6.35
Office Supplies,Paper,Xerox 1984,6.35
Technology,Phones,Belkin iPhone and iPad Lightning Cable,6.3
Office Supplies,Labels,Avery 502,6.17
Technology,Phones,Lunatik TT5L-002 Taktik Strike Impact Protection System for iPhone 5,6.12
Office Supplies,Art,Newell 339,6.11
Office Supplies,Art,"Quartet Alpha White Chalk, 12/Pack",6.1
Office Supplies,Binders,SpineVue Locking Slant-D Ring Binders by Cardinal,6.05
Office Supplies,Storage,Eldon File Chest Portable File,5.96
Office Supplies,Storage,Acco Perma 2700 Stacking Storage Drawers,5.95
Office Supplies,Fasteners,Translucent Push Pins by OIC,5.84
Office Supplies,Art,"Binney & Smith inkTank Erasable Desk Highlighter, Chisel Tip, Yellow, 12/Box",5.75
Office Supplies,Binders,"SlimView Poly Binder, 3/8""",5.7
Office Supplies,Paper,Xerox 1969,5.66
Office Supplies,Paper,"Universal Ultra Bright White Copier/Laser Paper, 8 1/2"" x 11"", Ream",5.64
Office Supplies,Binders,Wilson Jones Easy Flow II Sheet Lifters,5.62
Technology,Accessories,SanDisk Cruzer 4 GB USB Flash Drive,5.52
Office Supplies,Binders,Wilson Jones Four-Pocket Poly Binders,5.43
Office Supplies,Labels,Avery 482,5.43
Technology,Accessories,Kingston Digital DataTraveler 32GB USB 2.0,5.42
Office Supplies,Binders,"Cardinal Slant-D Ring Binder, Heavy Gauge Vinyl",5.41
Office Supplies,Paper,Xerox 1901,5.28
Office Supplies,Fasteners,OIC Thumb-Tacks,5.15
Technology,Accessories,Sony 16GB Class 10 Micro SDHC R40 Memory Card,5.15
Technology,Accessories,Belkin Standard 104 key USB Keyboard,5.1
Office Supplies,Binders,Wilson Jones Suede Grain Vinyl Binders,5.06
Office Supplies,Binders,GBC Standard Plastic Binding Systems' Combs,5.02
Office Supplies,Paper,Wirebound Voice Message Log Book,4.95
Office Supplies,Art,"Dixon Ticonderoga Maple Cedar Pencil, #2",4.91
Furniture,Furnishings,Contemporary Wood/Metal Frame,4.85
Office Supplies,Art,Newell 329,4.85
Office Supplies,Storage,Rogers Profile Extra Capacity Storage Tub,4.7
Technology,Accessories,Maxell 4.7GB DVD+R 5/Pack,4.6
Office Supplies,Art,Boston 1900 Electric Pencil Sharpener,4.49
Office Supplies,Art,SANFORD Liquid Accent Tank-Style Highlighters,4.4
Office Supplies,Binders,"Cardinal HOLDit! Binder Insert Strips,Extra Strips",4.37
Office Supplies,Paper,Xerox 1922,4.33
Office Supplies,Binders,Peel & Stick Add-On Corner Pockets,4.3
Office Supplies,Art,Newell 313,4.27
Technology,Phones,Cush Cases Heavy Duty Rugged Cover Case for Samsung Galaxy S5 - Purple,3.91
Office Supplies,Art,Newell 323,3.76
Office Supplies,Art,Pencil and Crayon Sharpener,3.76
Technology,Accessories,Maxell CD-R Discs,3.7
Technology,Phones,OtterBox Defender Series Case - iPhone 5c,3.69
Office Supplies,Storage,Eldon Jumbo ProFile Portable File Boxes Graphite/Black,3.67
Office Supplies,Binders,Newell 3-Hole Punched Plastic Slotted Magazine Holders for Binders,3.66
Furniture,Furnishings,Contemporary Borderless Frame,3.62
Office Supplies,Art,Newell 307,3.57
Technology,Accessories,Memorex Mini Travel Drive 4 GB USB 2.0 Flash Drive,3.57
Office Supplies,Appliances,"Hoover Replacement Belts For Soft Guard & Commercial Ltweight Upright Vacs, 2/Pk",3.48
Office Supplies,Binders,Ibico Recycled Grain-Textured Covers,3.45
Office Supplies,Fasteners,Stockwell Gold Paper Clips,3.4
Office Supplies,Labels,Avery 484,3.34
Office Supplies,Binders,GBC Instant Report Kit,3.23
Office Supplies,Art,Avery Hi-Liter Pen Style Six-Color Fluorescent Set,3.16
Furniture,Furnishings,"GE General Use Halogen Bulbs, 100 Watts, 1 Bulb per Pack",3.14
Office Supplies,Paper,Xerox 20,3.11
Office Supplies,Art,12 Colored Short Pencils,3.02
Office Supplies,Art,Newell 342,2.85
Office Supplies,Labels,Avery 5,2.82
Office Supplies,Appliances,Belkin 7-Outlet SurgeMaster Home Series,2.79
Office Supplies,Paper,Xerox 1989,2.69
Office Supplies,Storage,Plastic Stacking Crates & Casters,2.67
Office Supplies,Storage,Woodgrain Magazine Files by Perma,2.63
Office Supplies,Envelopes,Grip Seal Envelopes,2.39
Office Supplies,Binders,Self-Adhesive Ring Binder Labels,2.36
Office Supplies,Art,Design Ebony Sketching Pencil,2.3
Office Supplies,Supplies,Kleencut Forged Office Shears by Acme United Corporation,2.29
Technology,Phones,Sannysis Cute Owl Design Soft Skin Case Cover for Samsung Galaxy S4,2.29
Office Supplies,Art,Newell 308,2.1
Furniture,Furnishings,"Tensor ""Hersey Kiss"" Styled Floor Lamp",2.08
Technology,Accessories,Imation Clip USB flash drive - 8 GB,1.89
Office Supplies,Binders,Wilson Jones Hanging Recycled Pressboard Data Binders,1.78
Office Supplies,Appliances,"Commercial WindTunnel Clean Air Upright Vacuum, Replacement Belts, Filtration Bags",1.63
Office Supplies,Appliances,Hoover Portapower Portable Vacuum,1.35
Office Supplies,Appliances,"Sanitaire Vibra Groomer IR Commercial Upright Vacuum, Replacement Belts",1.3
Technology,Accessories,KeyTronic KT800P2 - Keyboard - Black,1.2
Office Supplies,Art,Newell 337,1.18
Office Supplies,Binders,Acco Expandable Hanging Binders,1.03
Technology,Accessories,Rosewill 107 Normal Keys USB Wired Standard Keyboard,0.81
Furniture,Furnishings,Nu-Dell EZ-Mount Plastic Wall Frames,0.79
Office Supplies,Fasteners,Alliance Rubber Bands,0.54
Office Supplies,Appliances,Hoover Replacement Belt for Commercial Guardsman Heavy-Duty Upright Vacuum,0.44
Technology,Accessories,Sony 8GB Class 10 Micro SDHC R40 Memory Card,0.34
Office Supplies,Fasteners,Bagged Rubber Bands,0.3
Office Supplies,Supplies,Letter Slitter,0.3
Office Supplies,Supplies,Premier Electric Letter Opener,0.01
Furniture,Chairs,HON 5400 Series Task Chairs for Big and Tall,0
Office Supplies,Fasteners,"Alliance Big Bands Rubber Bands, 12/Pack",0
Office Supplies,Storage,Belkin OmniView SE Rackmount Kit,0
Furniture,Chairs,Global Super Steno Chair,-0.01
Office Supplies,Binders,"Avery Trapezoid Extra Heavy Duty 4"" Binders",-0.01
Office Supplies,Binders,"Acco PRESSTEX Data Binder with Storage Hooks, Dark Blue, 9 1/2"" X 11""",-0.16
Office Supplies,Fasteners,Rubber Band Ball,-0.31
Office Supplies,Fasteners,"Brites Rubber Bands, 1 1/2 oz. Box",-0.51
Office Supplies,Storage,Eldon Gobal File Keepers,-0.6
Office Supplies,Binders,"Avery Framed View Binder, EZD Ring (Locking), Navy, 1 1/2""",-0.7
Office Supplies,Binders,Round Ring Binders,-0.92
Furniture,Furnishings,"Executive Impressions 16-1/2"" Circular Wall Clock",-1.07
Technology,Accessories,SanDisk Cruzer 8 GB USB Flash Drive,-1.36
Office Supplies,Supplies,Acme Serrated Blade Letter Opener,-1.75
Furniture,Furnishings,"Executive Impressions 14"" Contract Wall Clock with Quartz Movement",-1.77
Technology,Machines,Penpower WorldCard Pro Card Scanner,-1.83
Office Supplies,Binders,Angle-D Ring Binders,-1.97
Office Supplies,Binders,Storex Flexible Poly Binders with Double Pockets,-2
Office Supplies,Binders,Computer Printout Index Tabs,-2.02
Technology,Accessories,Kingston Digital DataTraveler 8GB USB 2.0,-2.03
Technology,Phones,PNY Rapid USB Car Charger - Black,-2.08
Office Supplies,Binders,Avery Self-Adhesive Photo Pockets for Polaroid Photos,-2.19
Office Supplies,Binders,"GBC Twin Loop Wire Binding Elements, 9/16"" Spine, Black",-2.27
Office Supplies,Appliances,Hoover Commercial Lightweight Upright Vacuum,-2.51
Office Supplies,Fasteners,"Super Bands, 12/Pack",-2.6
Furniture,Furnishings,"Stacking Tray, Side-Loading, Legal, Smoke",-2.86
Office Supplies,Binders,GBC Standard Plastic Binding Systems Combs,-2.93
Office Supplies,Binders,"Fellowes Twister Kit, Gray/Clear, 3/pkg",-3.21
Office Supplies,Storage,Carina Double Wide Media Storage Towers in Natural & Black,-3.23
Office Supplies,Fasteners,Plymouth Boxed Rubber Bands by Plymouth,-3.29
Office Supplies,Supplies,Acme Rosewood Handle Letter Opener,-3.49
Office Supplies,Appliances,Acco 6 Outlet Guardian Basic Surge Suppressor,-3.66
Office Supplies,Fasteners,Sterling Rubber Bands by Alliance,-3.77
Office Supplies,Binders,"Mead 1st Gear 2"" Zipper Binder, Asst. Colors",-3.89
Office Supplies,Supplies,Serrated Blade or Curved Handle Hand Letter Openers,-4.12
Office Supplies,Binders,Fellowes Black Plastic Comb Bindings,-4.42
Office Supplies,Appliances,Eureka Disposable Bags for Sanitaire Vibra Groomer I Upright Vac,-4.47
Office Supplies,Binders,Insertable Tab Indexes For Data Binders,-4.83
Furniture,Furnishings,Eldon 100 Class Desk Accessories,-4.84
Office Supplies,Binders,Acco Suede Grain Vinyl Round Ring Binder,-4.88
Office Supplies,Storage,"Rogers Jumbo File, Granite",-4.88
Office Supplies,Binders,"Avery Triangle Shaped Sheet Lifters, Black, 2/Pack",-4.93
Office Supplies,Binders,UniKeep View Case Binders,-5.48
Office Supplies,Fasteners,Revere Boxed Rubber Bands by Revere,-5.71
Office Supplies,Binders,Acco Economy Flexible Poly Round Ring Binder,-5.74
Furniture,Furnishings,Telescoping Adjustable Floor Lamp,-5.99
Office Supplies,Storage,Tennsco Regal Shelving Units,-6.08
Office Supplies,Storage,Sterilite Show Offs Storage Containers,-6.34
Technology,Phones,Plantronics MX500i Earset,-6.42
Office Supplies,Storage,Akro Stacking Bins,-6.93
Office Supplies,Binders,Avery Hidden Tab Dividers for Binding Systems,-7.04
Office Supplies,Appliances,Acco Smartsocket Color-Coded Six-Outlet AC Adapter Model Surge Protectors,-7.05
Office Supplies,Storage,Safco Commercial Shelving,-7.44
Furniture,Furnishings,"Eldon Expressions Desk Accessory, Wood Photo Frame, Mahogany",-7.62
Office Supplies,Storage,Eldon Shelf Savers Cubes and Bins,-7.66
Office Supplies,Supplies,Acco Side-Punched Conventional Columnar Pads,-7.8
Furniture,Bookcases,"Sauder Facets Collection Library, Sky Alder Finish",-8.55
Office Supplies,Binders,"Wilson Jones 1"" Hanging DublLock Ring Binders",-8.55
Office Supplies,Binders,"GBC Velobind Prepunched Cover Sets, Regency Series",-9.24
Office Supplies,Appliances,Hoover Commercial Lightweight Upright Vacuum with E-Z Empty Dirt Cup,-9.31
Furniture,Bookcases,"Safco Value Mate Series Steel Bookcases, Baked Enamel Finish on Steel, Gray",-9.95
Technology,Phones,Shocksock Galaxy S4 Armband,-10.07
Office Supplies,Binders,Pressboard Hanging Data Binders for Unburst Sheets,-10.13
Office Supplies,Fasteners,"Alliance Super-Size Bands, Assorted Sizes",-10.36
Office Supplies,Appliances,Hoover Commercial Soft Guard Upright Vacuum And Disposable Filtration Bags,-10.41
Technology,Phones,Avaya 5410 Digital phone,-10.88
Furniture,Furnishings,Dana Swing-Arm Lamps,-11.22
Office Supplies,Binders,GBC Personal VeloBind Strips,-11.27
Office Supplies,Binders,"Pressboard Covers with Storage Hooks, 9 1/2"" x 11"", Light Blue",-11.87
Technology,Phones,Gear Head AU3700S Headset,-11.95
Technology,Accessories,Case Logic 2.4GHz Wireless Keyboard,-11.99
Technology,Phones,iOttie HLCRIO102 Car Mount,-11.99
Furniture,Tables,"Lesro Sheffield Collection Coffee Table, End Table, Center Table, Corner Table",-12.14
Furniture,Bookcases,O'Sullivan 5-Shelf Heavy-Duty Bookcases,-12.29
Office Supplies,Binders,GBC Instant Index System for Binding Systems,-12.43
Office Supplies,Binders,Cardinal Hold-It CD Pocket,-12.46
Furniture,Bookcases,"Bush Saratoga Collection 5-Shelf Bookcase, Hanover Cherry, *Special Order",-12.69
Office Supplies,Storage,Fellowes Bankers Box Stor/Drawer Steel Plus,-12.8
Office Supplies,Supplies,Martin-Yale Premier Letter Opener,-12.88
Office Supplies,Binders,GBC ProClick Spines for 32-Hole Punch,-13.28
Office Supplies,Binders,XtraLife ClearVue Slant-D Ring Binders by Cardinal,-13.33
Technology,Phones,Motorola L804,-13.33
Office Supplies,Binders,"Acco Pressboard Covers with Storage Hooks, 14 7/8"" x 11"", Executive Red",-13.9
Office Supplies,Binders,"Avery 3 1/2"" Diskette Storage Pages, 10/Pack",-14.42
Technology,Phones,Dexim XPower Skin Super-Thin Power Case for iPhone 5 - Black,-14.62
Technology,Phones,ARKON Windshield Dashboard Air Vent Car Mount Holder,-15.58
Office Supplies,Binders,Avery Durable Poly Binders,-15.59
Office Supplies,Binders,Avery Reinforcements for Hole-Punch Pages,-16.15
Furniture,Furnishings,"Electrix Incandescent Magnifying Lamp, Black",-16.49
Office Supplies,Appliances,Tripp Lite Isotel 8 Ultra 8 Outlet Metal Surge,-17.03
Furniture,Tables,Anderson Hickey Conga Table Tops & Accessories,-17.51
Office Supplies,Storage,Fellowes Neat Ideas Storage Cubes,-18.18
Technology,Phones,Speck Products Candyshell Flip Case,-18.2
Office Supplies,Binders,GBC Wire Binding Strips,-18.41
Office Supplies,Binders,Large Capacity Hanging Post Binders,-19.46
Technology,Accessories,Logitech Keyboard K120,-19.6
Office Supplies,Binders,Wilson Jones Custom Binder Spines & Labels,-19.69
Office Supplies,Binders,Accohide Poly Flexible Ring Binders,-19.83
Furniture,Bookcases,"Bush Westfield Collection Bookcases, Medium Cherry Finish",-20.29
Office Supplies,Appliances,3M Replacement Filter for Office Air Cleaner for 20' x 33' Room,-20.47
Office Supplies,Storage,Space Solutions Industrial Galvanized Steel Shelving.,-20.49
Technology,Machines,Texas Instrument TI-15 Fraction Calculator,-20.52
Technology,Phones,Cyber Acoustics AC-202b Speech Recognition Stereo Headset,-20.52
Furniture,Chairs,"Global Armless Task Chair, Royal Blue",-20.73
Technology,Machines,Plantronics Single Ear Headset,-21.95
Office Supplies,Supplies,Stiletto Hand Letter Openers,-21.99
Technology,Machines,Panasonic KX MC6040 Color Laser Multifunction Printer,-22.5
Office Supplies,Binders,Avery Durable Slant Ring Binders,-23.76
Office Supplies,Binders,GBC VeloBinder Strips,-23.81
Technology,Phones,Anker Astro 15000mAh USB Portable Charger,-23.99
Office Supplies,Storage,"SAFCO Commercial Wire Shelving, 72h",-24.5
Office Supplies,Storage,"Tennsco Lockers, Gray",-26.43
Furniture,Bookcases,"Hon Metal Bookcases, Black",-26.96
Office Supplies,Binders,"GBC Standard Recycled Report Covers, Clear Plastic Sheets",-27.17
Office Supplies,Storage,Fellowes Bankers Box Recycled Super Stor/Drawer,-30.22
Technology,Phones,Macally Suction Cup Mount,-31.07
Technology,Phones,Samsung Convoy 3,-31.08
Technology,Phones,Anker Astro Mini 3000mAh Ultra-Compact Portable Charger,-31.99
Furniture,Chairs,Novimex Turbo Task Chair,-32.66
Office Supplies,Storage,Rogers Deluxe File Chest,-34.72
Furniture,Chairs,Hon Comfortask Task/Swivel Chairs,-36.47
Office Supplies,Storage,"Tennsco Stur-D-Stor Boltless Shelving, 5 Shelves, 24"" Deep, Sand",-36.54
Office Supplies,Appliances,Kensington 6 Outlet SmartSocket Surge Protector,-36.88
Technology,Phones,Mediabridge Sport Armband iPhone 5s,-38.95
Furniture,Tables,Bevis Round Conference Room Tables and Bases,-39.44
Office Supplies,Binders,Insertable Tab Post Binder Dividers,-39.69
Furniture,Furnishings,36X48 HARDFLOOR CHAIRMAT,-40.49
Furniture,Furnishings,"Tenex ""The Solids"" Textured Chair Mats",-40.57
Furniture,Chairs,Office Star - Ergonomically Designed Knee Chair,-42.11
Furniture,Furnishings,Eldon Cleatmat Chair Mats for Medium Pile Carpets,-42.18
Office Supplies,Storage,"Iris 3-Drawer Stacking Bin, Black",-43.45
Furniture,Furnishings,"Tenex Traditional Chairmats for Hard Floors, Average Lip, 36"" x 48""",-46.4
Office Supplies,Storage,"Belkin 19"" Center-Weighted Shelf, Gray",-47.19
Technology,Accessories,SanDisk Ultra 16 GB MicroSDHC Class 10 Memory Card,-48.59
Office Supplies,Storage,Tennsco Commercial Shelving,-48.6
Furniture,Furnishings,Eldon Advantage Foldable Chair Mats for Low Pile Carpets,-48.78
Furniture,Chairs,Hon Deluxe Fabric Upholstered Stacking Chairs,-48.8
Technology,Phones,Clearsounds A400,-48.83
Technology,Phones,iOttie XL Car Mount,-50.37
Office Supplies,Storage,"Eldon Base for stackable storage shelf, platinum",-52.57
Technology,Machines,Cisco CP-7937G Unified IP Conference Station Phone,-55.66
Technology,Phones,OtterBox Commuter Series Case - Samsung Galaxy S4,-55.98
Office Supplies,Storage,Fellowes Econo/Stor Drawers,-56.22
Furniture,Bookcases,Bush Somerset Collection Bookcase,-56.33
Office Supplies,Supplies,Compact Automatic Electric Letter Opener,-57.28
Office Supplies,Storage,"Contico 72""H Heavy-Duty Storage System",-57.37
Technology,Accessories,V7 USB Numeric Keypad,-58.78
Technology,Phones,i.Sound Portable Power - 8000 mAh,-58.83
Office Supplies,Storage,"Gould Plastics 9-Pocket Panel Bin, 18-3/8w x 5-1/4d x 20-1/2h, Black",-63.59
Furniture,Tables,"Office Impressions End Table, 20-1/2""H x 24""W x 20""D",-66.83
Furniture,Bookcases,"O'Sullivan Elevations Bookcase, Cherry Finish",-68.11
Office Supplies,Binders,GBC Plasticlear Binding Covers,-68.43
Office Supplies,Storage,"Carina Mini System Audio Rack, Model AR050B",-68.8
Office Supplies,Binders,Avery Recycled Flexi-View Covers for Binding Systems,-69.57
Furniture,Bookcases,Rush Hierlooms Collection Rich Wood Bookcases,-70.83
Technology,Machines,Hewlett-Packard Deskjet F4180 All-in-One Color Ink-jet - Printer / copier / scanner,-71.4
Office Supplies,Storage,Space Solutions Commercial Steel Shelving,-74.33
Office Supplies,Appliances,Fellowes Command Center 5-outlet power strip,-78.02
Office Supplies,Storage,Sensible Storage WireTech Storage Systems,-78.06
Furniture,Bookcases,"Sauder Camden County Collection Libraries, Planked Cherry Finish",-78.2
Furniture,Bookcases,O'Sullivan Cherrywood Estates Traditional Barrister Bookcase,-78.36
Furniture,Furnishings,Eldon Executive Woodline II Cherry Finish Desk Accessories,-78.51
Furniture,Bookcases,O'Sullivan Living Dimensions 2-Shelf Bookcases,-78.64
Furniture,Bookcases,Sauder Cornerstone Collection Library,-81.17
Office Supplies,Binders,"Wilson Jones Elliptical Ring 3 1/2"" Capacity Binders, 800 sheets",-82.15
Office Supplies,Binders,GBC Linen Binding Covers,-82.41
Technology,Phones,Nortel Meridian M5316 Digital phone,-82.87
Technology,Phones,Motorola HK250 Universal Bluetooth Headset,-91.49
Furniture,Bookcases,"Bush Westfield Collection Bookcases, Dark Cherry Finish",-97.4
Office Supplies,Binders,Acco D-Ring Binder w/DublLock,-102.84
Furniture,Bookcases,Sauder Camden County Collection Library,-103.49
Office Supplies,Storage,Safco Industrial Shelving,-104.12
Furniture,Tables,"Barricks 18"" x 48"" Non-Folding Utility Table with Bottom Storage Shelf",-104.82
Office Supplies,Storage,Tennsco Industrial Shelving,-108.6
Office Supplies,Storage,"Carina 42""Hx23 3/4""W Media Storage Unit",-110.14
Furniture,Furnishings,Eldon Cleatmat Plus Chair Mats for High Pile Carpets,-111.32
Furniture,Bookcases,"Atlantic Metals Mobile 2-Shelf Bookcases, Custom Colors",-113.26
Office Supplies,Appliances,Acco 6 Outlet Guardian Premium Plus Surge Suppressor,-113.78
Furniture,Chairs,"Global Leather & Oak Executive Chair, Burgundy",-114.67
Furniture,Tables,Hon 2111 Invitation Series Straight Table,-115.31
Furniture,Bookcases,"Bush Birmingham Collection Bookcase, Dark Cherry",-117.88
Technology,Phones,Cisco IP Phone 7961G-GE VoIP phone,-119.12
Office Supplies,Appliances,Belkin F9S820V06 8 Outlet Surge,-120.17
Office Supplies,Storage,Carina Media Storage Towers in Natural & Black,-121.96
Furniture,Furnishings,"Deflect-o EconoMat Studded, No Bevel Mat for Low Pile Carpeting",-125.18
Furniture,Bookcases,"Sauder Mission Library with Doors, Fruitwood Finish",-125.74
Furniture,Bookcases,"Atlantic Metals Mobile 4-Shelf Bookcases, Custom Colors",-126.43
Office Supplies,Storage,Safco Industrial Wire Shelving,-126.7
Furniture,Furnishings,Tenex Chairmats For Use with Hard Floors,-129.93
Furniture,Chairs,Office Star - Mesh Screen back chair with Vinyl seat,-130.98
Furniture,Chairs,Novimex Fabric Task Chair,-131.13
Furniture,Bookcases,O'Sullivan 2-Shelf Heavy-Duty Bookcases,-133.11
Furniture,Chairs,Novimex High-Tech Fabric Mesh Task Chair,-133.44
Furniture,Tables,"Bush Andora Conference Table, Maple/Graphite Gray Finish",-143.62
Furniture,Tables,Hon 61000 Series Interactive Training Tables,-148.4
Furniture,Chairs,Global Deluxe High-Back Office Chair in Storm,-149.6
Furniture,Chairs,"Office Star - Contemporary Task Swivel chair with 2-way adjustable arms, Plum",-158.49
Furniture,Tables,Bevis 44 x 96 Conference Tables,-164.71
Technology,Machines,Cisco 8961 IP Phone Charcoal,-164.95
Furniture,Chairs,"Global Geo Office Task Chair, Gray",-166.02
Office Supplies,Storage,Office Impressions Heavy Duty Welded Shelving & Multimedia Storage Drawers,-167.27
Furniture,Bookcases,O'Sullivan Living Dimensions 3-Shelf Bookcases,-170.84
Technology,Machines,Epson Perfection V600 Photo Scanner,-172.49
Office Supplies,Storage,"Gould Plastics 18-Pocket Panel Bin, 34w x 5-1/4d x 20-1/2h",-172.95
Furniture,Furnishings,"Rubbermaid ClusterMat Chairmats, Mat Size- 66"" x 60"", Lip 20"" x 11"" -90 Degree Angle",-173.14
Office Supplies,Appliances,Honeywell Enviracaire Portable Air Cleaner for up to 8 x 10 Room,-177.23
Furniture,Tables,"Hon 30"" x 60"" Table with Locking Drawer",-177.35
Office Supplies,Storage,"Belkin 19"" Vented Equipment Shelf, Black",-179.66
Furniture,Tables,Chromcraft Round Conference Tables,-189.99
Furniture,Bookcases,"Bush Westfield Collection Bookcases, Dark Cherry Finish, Fully Assembled",-190.85
Furniture,Bookcases,Hon 4-Shelf Metal Bookcases,-191.85
Furniture,Tables,"Bevis Round Bullnose 29"" High Table Top",-192.19
Furniture,Chairs,High-Back Leather Manager's Chair,-197.59
Office Supplies,Binders,"Premier Elliptical Ring Binder, Black",-201.51
Furniture,Tables,Laminate Occasional Tables,-206.54
Furniture,Bookcases,"Bush Heritage Pine Collection 5-Shelf Bookcase, Albany Pine Finish, *Special Order",-208.64
Technology,Phones,LG Exalt,-212.15
Furniture,Tables,Balt Solid Wood Rectangular Table,-216.25
Furniture,Chairs,Global Deluxe Steno Chair,-216.29
Office Supplies,Storage,Safco Industrial Wire Shelving System,-218.36
Furniture,Furnishings,"Tenex Carpeted, Granite-Look or Clear Contemporary Contour Shape Chair Mats",-222.73
Furniture,Chairs,Office Star Flex Back Scooter Chair with White Frame,-228.6
Furniture,Tables,Hon 5100 Series Wood Tables,-238.62
Office Supplies,Binders,Catalog Binders with Expanding Posts,-242.21
Office Supplies,Binders,Ibico Hi-Tech Manual Binding System,-246.04
Furniture,Chairs,Global Low Back Tilter Chair,-246.38
Furniture,Tables,KI Adjustable-Height Table,-248.5
Technology,Machines,Okidata B401 Printer,-251.99
Technology,Machines,Xerox WorkCentre 6505DN Laser Multifunction Printer,-252
Furniture,Furnishings,Eldon ClusterMat Chair Mat with Cordless Antistatic Protection,-256.56
Office Supplies,Supplies,High Speed Automatic Electric Letter Opener,-262
Furniture,Furnishings,"Eldon ""L"" Workstation Diamond Chairmat",-267.45
Furniture,Bookcases,O'Sullivan Manor Hill 2-Door Library in Brianna Oak,-285.95
Technology,Machines,Okidata C610n Printer,-292.05
Furniture,Bookcases,Sauder Barrister Bookcases,-294.77
Furniture,Tables,Hon Rectangular Conference Tables,-295.81
Technology,Machines,"Brother MFC-9340CDW LED All-In-One Printer, Copier Scanner",-319.19
Office Supplies,Appliances,Euro Pro Shark Stick Mini Vacuum,-325.64
Furniture,Tables,Bretford Rectangular Conference Table Tops,-327.25
Furniture,Tables,"Lesro Round Back Collection Coffee Table, End Table",-328.59
Office Supplies,Storage,Fellowes Officeware Wire Shelving,-332.36
Technology,Phones,Jawbone MINI JAMBOX Wireless Bluetooth Speaker,-339.71
Furniture,Furnishings,"Deflect-o RollaMat Studded, Beveled Mat for Medium Pile Carpeting",-343.1
Furniture,Tables,Balt Split Level Computer Training Table,-357.98
Technology,Phones,LG G2,-374.99
Furniture,Tables,"Iceberg OfficeWorks 42"" Round Tables",-392.56
Furniture,Tables,Hon 2111 Invitation Series Corner Table,-402
Furniture,Tables,"Chromcraft 48"" x 96"" Racetrack Double Pedestal Table",-404
Office Supplies,Binders,GBC VeloBinder Electric Binding Machine,-411.33
Furniture,Tables,Riverside Furniture Stanwyck Manor Table Series,-415.93
Furniture,Bookcases,"Sauder Forest Hills Library with Doors, Woodland Oak Finish",-418.55
Office Supplies,Supplies,Premier Automatic Letter Opener,-427.86
Furniture,Chairs,Novimex Swivel Fabric Task Chair,-445.39
Furniture,Tables,Bevis Boat-Shaped Conference Table,-445.6
Furniture,Tables,Chromcraft Rectangular Conference Tables,-450.24
Furniture,Tables,"Bevis Traditional Conference Table Top, Plinth Base",-456.71
Furniture,Chairs,Global Enterprise Series Seating High-Back Swivel/Tilt Chairs,-460.67
Office Supplies,Binders,GBC ProClick 150 Presentation Binding System,-461.32
Technology,Machines,"3D Systems Cube Printer, 2nd Generation, White",-468
Office Supplies,Storage,SAFCO Boltless Steel Shelving,-470.47
Furniture,Chairs,"Global High-Back Leather Tilter, Burgundy",-474.74
Furniture,Tables,KI Conference Tables,-479.21
Furniture,Chairs,"Office Star - Contemporary Task Swivel chair with Loop Arms, Charcoal",-491.17
Furniture,Chairs,"Global Wood Trimmed Manager's Task Chair, Khaki",-503.12
Technology,Machines,Lexmark MarkNet N8150 Wireless Print Server,-506.46
Furniture,Tables,"Bevis Round Conference Table Top, X-Base",-519.94
Furniture,Furnishings,"Tenex Chairmat w/ Average Lip, 45"" x 53""",-529.76
Furniture,Furnishings,Tenex Antistatic Computer Chair Mats,-530.03
Furniture,Tables,Bretford CR4500 Series Slim Rectangular Table,-532.76
Furniture,Tables,Bevis Rectangular Conference Tables,-586.85
Furniture,Tables,Hon Racetrack Conference Tables,-598.52
Furniture,Tables,"Chromcraft Bull-Nose Wood 48"" x 96"" Rectangular Conference Tables",-611.59
Furniture,Bookcases,Bestar Classic Bookcase,-612.93
Office Supplies,Storage,"SAFCO Commercial Wire Shelving, Black",-635.45
Furniture,Tables,Hon 94000 Series Round Tables,-681.22
Furniture,Bookcases,O'Sullivan Living Dimensions 5-Shelf Bookcases,-755.76
Furniture,Bookcases,O'Sullivan Plantations 2-Door Library in Landvery Oak,-767.75
Technology,Machines,StarTech.com 10/100 VDSL2 Ethernet Extender Kit,-785.77
Furniture,Tables,BPI Conference Tables,-795.98
Office Supplies,Storage,Tennsco Single-Tier Lockers,-825.76
Furniture,Tables,"Bevis Oval Conference Table, Walnut",-856.02
Office Supplies,Appliances,3.6 Cubic Foot Counter Height Office Refrigerator,-872.07
Technology,Machines,Swingline SM12-08 MicroCut Jam Free Shredder,-882.12
Technology,Machines,Zebra GK420t Direct Thermal/Thermal Transfer Printer,-938.28
Furniture,Tables,Bretford “Just In Time” Height-Adjustable Multi-Task Work Tables,-964.2
Furniture,Bookcases,O'Sullivan 4-Shelf Bookcase in Odessa Pine,-975.12
Furniture,Chairs,Hon 2090 “Pillow Soft” Series Mid Back Swivel/Tilt Chairs,-989.04
Technology,Machines,Epson TM-T88V Direct Thermal Printer - Monochrome - Desktop,-1057.23
Furniture,Tables,"Riverside Furniture Oval Coffee Table, Oval End Table, End Table with Drawer",-1147.41
Furniture,Tables,BoxOffice By Design Rectangular and Half-Moon Meeting Room Tables,-1148.44
Furniture,Tables,Balt Solid Wood Round Tables,-1201.06
Office Supplies,Supplies,Martin Yale Chadless Opener Electric Letter Opener,-1299.19
Furniture,Bookcases,"Riverside Palais Royal Lawyers Bookcase, Royale Cherry Finish",-1682.66
Technology,Machines,Cisco TelePresence System EX90 Videoconferencing Unit,-1811.08
Office Supplies,Binders,GBC DocuBind P400 Electric Binding System,-1878.17
Furniture,Tables,Bush Advantage Collection Racetrack Conference Table,-1934.4
Furniture,Tables,Chromcraft Bull-Nose Wood Oval Conference Tables & Bases,-2876.11
Technology,Machines,Cubify CubeX 3D Printer Triple Head Print,-3839.99
Technology,Machines,Lexmark MX611dhe Monochrome Laser Printer,-4589.97
Technology,Machines,Cubify CubeX 3D Printer Double Head Print,-8879.97
